guid,bucket,image_url,record_uri
8783A494-195F-45CB-8C04-B8ECC94E7C73,dog_keyword,https://www.carc.ox.ac.uk/Vases/SPIFF/Images200/23012015/14.1/cc001001.jpe,http://www.beazley.ox.ac.uk/record/FBB76427-69EB-4A76-97E4-4E44EDE27D42
DD55712F-D4DE-4DCD-8CFF-2739328E8721,dog_keyword,https://www.carc.ox.ac.uk/Vases/SPIFF/Images200/20112014/70.1/cc001001.jpe,http://www.beazley.ox.ac.uk/record/2480ADC4-DD98-4B2B-ADEE-9FC1ECFB7603
9035C3C6-A4DF-4C6F-99D6-E562859B562F,dog_keyword,https://www.carc.ox.ac.uk/Vases/SPIFF/Images200/USA19/CVA.USA19.919.3/cc001001.jpe,http://www.beazley.ox.ac.uk/record/28D7127C-C5AC-4500-8818-A017F146EB80
A963FA1D-F62E-4A27-98B0-016DBCAB6DD7,dog_keyword,https://www.carc.ox.ac.uk/Vases/SPIFF/Images200/IT36/CVA.IT36.1626.2/cc001001.jpe,http://www.beazley.ox.ac.uk/record/294B4C82-3E1C-4CD8-80F1-77D9ED821324
11454F77-1281-454C-9FBB-05A6C0934206,dog_keyword,https://www.carc.ox.ac.uk/Vases/SPIFF/Images200/USA19/CVA.USA19.943.6/cc001001.jpe,http://www.beazley.ox.ac.uk/record/DD510268-B53B-45E0-81B8-E239F8014357
F5A0F153-BF32-4F8D-800D-E078941AC7BE,dog_keyword,https://www.carc.ox.ac.uk/Vases/SPIFF/Images200/IT54/CVA.IT54.2392.4/cc001001.jpe,http://www.beazley.ox.ac.uk/record/96BE789A-A080-4434-9519-BD01E4A4AD50
F5F2321B-2683-4830-82B3-573A21AF80B4,dog_keyword,https://www.carc.ox.ac.uk/Vases/SPIFF/Images200/Unatt46to60/718.BD1/cc001001.jpe,http://www.beazley.ox.ac.uk/record/A3DAEE51-044A-4413-9F3D-E0175B81F211
036CBE10-943A-4142-8D06-7872ED7A0B47,dog_keyword,https://www.carc.ox.ac.uk/Vases/SPIFF/Images200/USA14/CVA.USA14.FIG.15/cc001001.jpe,http://www.beazley.ox.ac.uk/record/91B26578-4B27-41AE-AB07-E16DDE5EEBA0
791CA018-7F88-41CD-8D5B-647E3EC2BC56,dog_keyword,https://www.carc.ox.ac.uk/Vases/SPIFF/Images200/USA15/CVA.USA15.699.3/cc001001.jpe,http://www.beazley.ox.ac.uk/record/03BCE23C-CD9F-4D32-8777-05E0210E0763
B08DCEAF-643D-4CB8-ADE8-F4B05F8F0672,dog_keyword,https://www.carc.ox.ac.uk/Vases/SPIFF/Images200/GER37/CVA.GER37.1834.2/cc001001.jpe,http://www.beazley.ox.ac.uk/record/3136C930-54B0-446D-95F5-3A78BD8A70B9
08B702B1-B302-4302-9D76-C555E8EFCFF6,dog_keyword,https://www.carc.ox.ac.uk/Vases/SPIFF/Images200/NL04/CVA.NL04.162.5/cc001001.jpe,http://www.beazley.ox.ac.uk/record/A8C348D4-2148-41AA-8018-5A1CCD9CA1B4
A4F95169-2043-4F83-A7A5-A20F20D7DA06,dog_keyword,https://www.carc.ox.ac.uk/Vases/SPIFF/Images200/GER41/CVA.GER41.FIG.17/cc001001.jpe,http://www.beazley.ox.ac.uk/record/C7912972-3E1E-47DA-B99C-EEC6EE852B56
185423E1-1A7B-433E-BBF7-938005A78E15,dog_keyword,https://www.carc.ox.ac.uk/Vases/SPIFF/Images200/GER41/CVA.GER41.1985.3/cc001001.jpe,http://www.beazley.ox.ac.uk/record/F069D32A-EB53-428D-B83B-1982A65C364C
77102AC3-AF3E-453B-8732-C175D904147D,dog_keyword,https://www.carc.ox.ac.uk/Vases/SPIFF/Images200/NL04/CVA.NL04.179.9/cc001001.jpe,http://www.beazley.ox.ac.uk/record/85531B34-743E-404F-8C7B-68E389B63D6E
8313486C-BDA5-4244-B8B3-D84F4D0C09C8,dog_keyword,https://www.carc.ox.ac.uk/Vases/SPIFF/Images200/USA16/CVA.USA16.760.4/cc001001.jpe,http://www.beazley.ox.ac.uk/record/2707F087-EAFF-428C-A638-1CEF9519A8E4
7B66E9DF-6DA5-4981-8E70-7E3781AD0851,dog_keyword,https://www.carc.ox.ac.uk/Vases/SPIFF/Images200/GER37/CVA.GER37.1848.3/cc001001.jpe,http://www.beazley.ox.ac.uk/record/B942C896-79F3-4A4D-BAF2-E3B5E00860B4
DC29970E-E799-455C-AB85-FFE0A1BB40BD,dog_keyword,https://www.carc.ox.ac.uk/Vases/SPIFF/Images200/GER37/CVA.GER37.1829.1/cc001001.jpe,http://www.beazley.ox.ac.uk/record/FCDBBCB9-664A-4594-8E03-7F2449098E20
D8391947-FBA1-43D8-B6B9-B41FAF6C7BBE,dog_keyword,https://www.carc.ox.ac.uk/Vases/SPIFF/Images200/GER31/CVA.GER31.1503.1/cc001001.jpe,http://www.beazley.ox.ac.uk/record/919345DE-5210-4347-996F-5F1D762F292D
4C5E151D-C50E-4BBD-8BCB-89362A59AEB9,dog_keyword,https://www.carc.ox.ac.uk/Vases/SPIFF/Images200/IT50/CVA.IT50.2232.4/cc001001.jpe,http://www.beazley.ox.ac.uk/record/C6253FCF-F1E2-49F5-88AA-5F6D874551BC
29E3DEB2-26F1-4958-893B-92AE099741FC,dog_keyword,https://www.carc.ox.ac.uk/Vases/SPIFF/Images200/IT50/CVA.IT50.2224.2/cc001001.jpe,http://www.beazley.ox.ac.uk/record/4FE51DED-0395-4A1B-BC6E-B2A8C39FDA74
A38F91EA-53E0-45BF-9163-A068B06551C2,dog_keyword,https://www.carc.ox.ac.uk/Vases/SPIFF/Images200/IT48/CVA.IT48.2160.4/cc001001.jpe,http://www.beazley.ox.ac.uk/record/A3675D04-88DB-4E52-8C4C-EF574305AAE6
F7B253FC-9868-4247-BA00-BBE49ED15454,dog_keyword,https://www.carc.ox.ac.uk/Vases/SPIFF/Images200/GER31/CVA.GER31.1504.6/cc001001.jpe,http://www.beazley.ox.ac.uk/record/A15DF44B-C61E-4DDF-AFB2-714DF6BA5C4C
0C835A6A-50BC-403F-B7BE-75C7253B1903,dog_keyword,https://www.carc.ox.ac.uk/Vases/SPIFF/Images200/BEL01/CVA.BEL01.025.3D/cc001001.jpe,http://www.beazley.ox.ac.uk/record/40E722FA-8D70-4A7F-B447-C9973A7A3B39
9704478A-E518-4C29-99CE-06AF595B9124,dog_keyword,https://www.carc.ox.ac.uk/Vases/SPIFF/Images200/23032015/3367.1/cc001001.jpe,http://www.beazley.ox.ac.uk/record/BCC49E51-44AA-411A-B375-C639DCB67CF2
149BD73C-1023-4C99-AECE-4895D2FF60DC,dog_keyword,https://www.carc.ox.ac.uk/Vases/SPIFF/Images200/GER79/CVA.GER79.4064.2/cc001001.jpe,http://www.beazley.ox.ac.uk/record/FA53C6FA-16A5-42AD-B0CE-F0C422C92563
9B3CEE44-3099-4770-9EEC-9FD142AF45BD,dog_keyword,https://www.carc.ox.ac.uk/Vases/SPIFF/Images200/Bonhams/3886.1/cc001001.jpe,http://www.beazley.ox.ac.uk/record/AC7FBD3C-A5F6-4B16-86CE-5FCDC7A185A3
97C456D4-CB33-4EA6-A1DA-4CB2B34CDDF9,dog_keyword,https://www.carc.ox.ac.uk/Vases/SPIFF/Images200/USA23/CVA.USA23.FIG.11/cc001001.jpe,http://www.beazley.ox.ac.uk/record/F44559F3-8DA8-4707-9A1E-791295665B6D
A750326B-DEB8-4395-825F-CD296DDEEB38,dog_keyword,https://www.carc.ox.ac.uk/Vases/SPIFF/Images200/Unatt16to30/4179.A/cc001001.jpe,http://www.beazley.ox.ac.uk/record/42C71339-D7F7-4796-9BFC-436D345CDD31
B69F01F0-3329-4A7D-B903-85699A3B8A36,dog_keyword,https://www.carc.ox.ac.uk/Vases/SPIFF/Images200/IT50/CVA.IT50.2229.6/cc001001.jpe,http://www.beazley.ox.ac.uk/record/592B48AB-02D4-407C-8560-7E6B082E2AA4
D0B89A5A-BC2D-46A4-BE0C-84DE1979C7C8,dog_keyword,https://www.carc.ox.ac.uk/Vases/SPIFF/Images200/GR01/CVA.GR01.012.3/cc001001.jpe,http://www.beazley.ox.ac.uk/record/7607CC3E-05C5-4161-82D1-47C879965159
B2898521-A50F-4C4C-9119-DBE6E437451E,dog_keyword,https://www.carc.ox.ac.uk/Vases/SPIFF/Images200/Unatt01/4700.A/cc001001.jpe,http://www.beazley.ox.ac.uk/record/BE28AFA6-CE35-4D79-B952-BD4D0168B84C
D67D0BAC-7E89-485B-8442-F76F66F1AF6D,dog_keyword,https://www.carc.ox.ac.uk/Vases/SPIFF/Images200/Unatt2to15/4824.AB.PART/cc001001.jpe,http://www.beazley.ox.ac.uk/record/080A4218-1969-4887-AF1B-29C62EA5F39D
EFD1FED3-A7BE-4676-88A0-04E6188A0D89,dog_keyword,https://www.carc.ox.ac.uk/Vases/SPIFF/Images200/IT56/CVA.IT56.2501.6/cc001001.jpe,http://www.beazley.ox.ac.uk/record/8C985B0C-A3BC-4655-8588-06FAB7A0F85C
A4DA613F-93C4-42C6-A92F-2CCD27EC83FB,dog_keyword,https://www.carc.ox.ac.uk/Vases/SPIFF/Images100/001204/5445.A/cc001001.jpe,http://www.beazley.ox.ac.uk/record/C69D3029-ED81-4C91-95DE-62933D1C7C67
64E8DC43-7907-4EB3-87F3-AE1170E5FEF1,dog_keyword,https://www.carc.ox.ac.uk/Vases/SPIFF/Images200/SWZ03/CVA.SWZ03.106.3/cc001001.jpe,http://www.beazley.ox.ac.uk/record/CE9D5D85-2B80-4527-85B7-98D3C339AFD0
19B3DE07-4500-40B8-BC2A-E726D1701EF1,dog_keyword,https://www.carc.ox.ac.uk/Vases/SPIFF/Images200/14112014/5723/cc001001.jpe,http://www.beazley.ox.ac.uk/record/2766C6E4-77C1-4C9F-A7AC-929FAB0A86E6
ED402C9D-4633-4DDE-9FAA-E9B08CC59017,dog_keyword,https://www.carc.ox.ac.uk/Vases/SPIFF/Images200/10112014/5727.1/cc001001.jpe,http://www.beazley.ox.ac.uk/record/2B298B11-3C5C-4BC5-8590-001F21952702
5D1F9D99-7503-4FD5-9B78-694CCC2B7C9F,dog_keyword,https://www.carc.ox.ac.uk/Vases/SPIFF/Images200/IT26/CVA.IT26.1180.5/cc001001.jpe,http://www.beazley.ox.ac.uk/record/8ED406E8-4ED4-4AC6-BEF8-CD9108B11D9A
D8FF563C-84A5-4E32-A955-8915865C5466,dog_keyword,https://www.carc.ox.ac.uk/Vases/SPIFF/Images200/SWZ05/CVA.SWZ05.219.5/cc001001.jpe,http://www.beazley.ox.ac.uk/record/66DABD1A-08EA-4819-98C6-F1ECA7F110CC
129C844F-B5EA-4187-82A7-04B7649C2F7D,dog_keyword,https://www.carc.ox.ac.uk/Vases/SPIFF/Images200/GER47/CVA.GER47.2279.1/cc001001.jpe,http://www.beazley.ox.ac.uk/record/AC870996-C465-4C00-8CC1-E354A514EEE7
2BD7A012-89CF-40FC-A317-961AD66CD84E,dog_keyword,https://www.carc.ox.ac.uk/Vases/SPIFF/Images200/GER47/CVA.GER47.2271.8/cc001001.jpe,http://www.beazley.ox.ac.uk/record/BE54D507-386F-49E1-AC82-9123E51B838B
C5D3EBCA-A503-4821-BC6A-97642DF72067,dog_keyword,https://www.carc.ox.ac.uk/Vases/SPIFF/Images200/GER47/CVA.GER47.2271.1/cc001001.jpe,http://www.beazley.ox.ac.uk/record/6B0B270D-32E6-4379-9566-0518FB5722AB
2C1F86AC-ECE7-4ECC-835C-10C1EC7B9594,dog_keyword,https://www.carc.ox.ac.uk/Vases/SPIFF/Images200/GER45/CVA.GER45.2181.2/cc001001.jpe,http://www.beazley.ox.ac.uk/record/4304F9EB-9B45-4EA6-945B-714F6EB47DAA
EDA8405E-BB2D-4E89-B397-81C12154B3B6,dog_keyword,https://www.carc.ox.ac.uk/Vases/SPIFF//Images200/020121/6127.S/cc001001.jpe,http://www.beazley.ox.ac.uk/record/38E072B5-DCF4-4F57-940A-09386757B18E
2B775BBE-9FCA-4B26-BB81-2B67EFA0E062,dog_keyword,https://www.carc.ox.ac.uk/Vases/SPIFF/Images200/Unatt46to60/6263.BD/cc001001.jpe,http://www.beazley.ox.ac.uk/record/B9EBE3DD-60DB-42BC-B5F1-E5C9A1B87BEF
4A53A04C-92D5-4E66-A7E0-B2228153A459,dog_keyword,https://www.carc.ox.ac.uk/Vases/SPIFF/Images200/GER48/CVA.GER48.2298.2/cc001001.jpe,http://www.beazley.ox.ac.uk/record/DF5BC865-CA8E-40F2-B9F3-8ACDDE903CF2
FFF440C0-1BA1-435B-9C4C-5E268C48A778,dog_keyword,https://www.carc.ox.ac.uk/Vases/SPIFF/Images200/Unatt31to45/6353.AB1/cc001001.jpe,http://www.beazley.ox.ac.uk/record/76A1C4EE-063D-4ACD-A7C8-02A5D6CA76FE
16C08A1D-8E96-4D7A-A85D-BCFE8B61EC7B,dog_keyword,https://www.carc.ox.ac.uk/Vases/SPIFF/Images200/BF AMPHORAE TYPE B AtoB/6429.A2/cc001001.jpe,http://www.beazley.ox.ac.uk/record/9FF04CAA-3B36-433B-BF00-041FAB619A14
9B002826-332C-4F5C-8951-9F1E4402630D,dog_keyword,https://www.carc.ox.ac.uk/Vases/SPIFF/Images200/IT57/CVA.IT57.2545.3/cc001001.jpe,http://www.beazley.ox.ac.uk/record/FEB1BFD0-2DEC-4F68-8A5F-67486631773C
9155F579-D892-4D2E-81ED-D5970CD0BAD7,dog_keyword,https://www.carc.ox.ac.uk/Vases/SPIFF/Images200/IT57/CVA.IT57.2540.2/cc001001.jpe,http://www.beazley.ox.ac.uk/record/281BDF61-508C-4B62-BAAF-D2BBF1C26A3C
94269B20-BAAD-4E54-99A8-E818D8FDCE1E,dog_keyword,https://www.carc.ox.ac.uk/Vases/SPIFF/Images200/LNBO15102008/7087.1/cc001001.jpe,http://www.beazley.ox.ac.uk/record/EAED5350-DA26-427F-8499-CF6498D57F9B
DF57CBE9-F56C-410E-8D7C-5F0CB568BE6A,dog_keyword,"https://www.carc.ox.ac.uk/Vases/SPIFF/Images200/BF AMPHORAE TYPE B LONDON MARKET, PRIVATE/7110.A1/cc001001.jpe",http://www.beazley.ox.ac.uk/record/B249D635-3F38-430A-90DA-A644E2E22791
A4BA294F-87DE-4C03-A7BD-E9767FA1CD7B,dog_keyword,https://www.carc.ox.ac.uk/Vases/SPIFF/Images200/GER48/CVA.GER48.2355.1/cc001001.jpe,http://www.beazley.ox.ac.uk/record/37301F66-133D-4509-B1D3-A965ED2D90A5
A25913D4-51DB-454C-91B9-4F5F0E77089D,dog_keyword,https://www.carc.ox.ac.uk/Vases/SPIFF/Images200/20112014/7307.1/cc001001.jpe,http://www.beazley.ox.ac.uk/record/FB1AC06E-9D4E-46A6-AFB4-FFD54103A347
A981C285-CB5D-46B1-8715-E60AC873A5CD,dog_keyword,https://www.carc.ox.ac.uk/Vases/SPIFF/Images200/Unatt31to45/7324.BD/cc001001.jpe,http://www.beazley.ox.ac.uk/record/72A94D63-B6D2-4275-B30D-B61095EC510F
C7D0CF5B-6AB4-4EE9-BBDB-1F2F653377D7,dog_keyword,https://www.carc.ox.ac.uk/Vases/SPIFF/Images200/GER48/CVA.GER48.BEIL.K1/cc001001.jpe,http://www.beazley.ox.ac.uk/record/608DF101-826B-4126-8739-D569D2372424
E3266D81-DCAB-461D-BEBD-91ED045084EC,dog_keyword,https://www.carc.ox.ac.uk/Vases/SPIFF/Images200/F12/CVA.F12.511.6/cc001001.jpe,http://www.beazley.ox.ac.uk/record/058B74BB-CFF5-4261-B010-7F16957B881E
BC218C19-6F06-4836-A241-D06AD5D5E047,dog_keyword,https://www.carc.ox.ac.uk/Vases/SPIFF/Images200/GER48/CVA.GER48.2359.2/cc001001.jpe,http://www.beazley.ox.ac.uk/record/E3D02B84-49C0-4D72-AAC7-C287D3E1FDBC
FDD94A85-AB38-4E19-B943-A209389BD70D,dog_keyword,https://www.carc.ox.ac.uk/Vases/SPIFF/Images200/SWZ04/CVA.SWZ04.181.12/cc001001.jpe,http://www.beazley.ox.ac.uk/record/CAA0E5C8-A96C-4238-AE2F-0F010AC53F1D
EB559A0A-47BD-42F6-9ED5-0BE611BC20C8,dog_keyword,https://www.carc.ox.ac.uk/Vases/SPIFF/Images200/Unatt31to45/7701.A/cc001001.jpe,http://www.beazley.ox.ac.uk/record/460E58CC-3CC3-4614-9E58-8812957EFEBB
113CD9D5-C9C8-426D-921C-4F572A33D58B,dog_keyword,https://www.carc.ox.ac.uk/Vases/SPIFF/Images200/Unatt46to60/7905.PL/cc001001.jpe,http://www.beazley.ox.ac.uk/record/9329BC30-08A6-4CA8-A92C-2FF6D7196A89
CF660968-8F23-466D-B49A-C8C1898BA203,dog_keyword,https://www.carc.ox.ac.uk/Vases/SPIFF/Images200/Unatt46to60/7907.PL/cc001001.jpe,http://www.beazley.ox.ac.uk/record/EC31185D-CB33-43E2-9476-D33894C7A20A
BE0BACA1-68DD-4C29-A257-3BB1FF8EC6EA,dog_keyword,https://www.carc.ox.ac.uk/Vases/SPIFF/Images200/IT07/CVA.IT07.343.1/cc001001.jpe,http://www.beazley.ox.ac.uk/record/2D896504-C288-49E6-BC64-6B8F91F68FA9
FA3B179A-55ED-48D1-B78B-8AB3EDB40A36,dog_keyword,https://www.carc.ox.ac.uk/Vases/SPIFF/Images200/16012015/7968.1/cc001001.jpe,http://www.beazley.ox.ac.uk/record/DC8FA173-383F-4C55-AE98-9BA044C17296
8B7BCAFC-98BB-47FD-A65D-CB737E114B8A,dog_keyword,https://www.carc.ox.ac.uk/Vases/SPIFF/Images200/IT41/CVA.IT41.BEIL.2.15/cc001001.jpe,http://www.beazley.ox.ac.uk/record/C9AAE82A-5201-4ADD-AF4A-A66BF8A06C92
07A0C195-519B-4EDF-96CA-ABD14D8CA69F,dog_keyword,https://www.carc.ox.ac.uk/Vases/SPIFF/Images200/IT42/CVA.IT42.1906.3/cc001001.jpe,http://www.beazley.ox.ac.uk/record/26BF967F-F80A-40E2-8C5A-C6DA889547CC
219EA636-C3A5-4B53-A943-D12056761278,dog_keyword,https://www.carc.ox.ac.uk/Vases/SPIFF/Images200/IT42/CVA.IT42.1889.2/cc001001.jpe,http://www.beazley.ox.ac.uk/record/094D88FC-853F-4191-B894-598170BC754D
22C247EE-3F92-40A0-8481-E613F6424A8A,dog_keyword,https://www.carc.ox.ac.uk/Vases/SPIFF/Images200/GR01/CVA.GR01.011.3/cc001001.jpe,http://www.beazley.ox.ac.uk/record/4FE39A75-608B-4D5B-8945-FFBED6D737FF
F2E27CB1-D68F-4994-850F-072DB6A48F50,dog_keyword,https://www.carc.ox.ac.uk/Vases/SPIFF/Images200/IT42/CVA.IT42.1871.2/cc001001.jpe,http://www.beazley.ox.ac.uk/record/EF66A4B0-5715-4265-AB43-ADEBF0774A4A
57649D6E-29FF-422E-B8A0-F462ACFF0533,dog_keyword,https://www.carc.ox.ac.uk/Vases/SPIFF/Images200/Unatt2to15/8420.A/cc001001.jpe,http://www.beazley.ox.ac.uk/record/F1322FAB-079A-4347-9A1E-94DBA25B4301
BBA69DD7-A832-4DF7-9C80-FD3C69EC34C8,dog_keyword,https://www.carc.ox.ac.uk/Vases/SPIFF/Images200/Unatt46to60/8512.BD1/cc001001.jpe,http://www.beazley.ox.ac.uk/record/3ECF937D-7FF7-4458-BAF1-6801FB7DB156
A81AC9DF-CA5D-44EE-892A-A4D1592AB673,dog_keyword,https://www.carc.ox.ac.uk/Vases/SPIFF/Images200/YALEDatabase5/8547.OV/cc001001.jpe,http://www.beazley.ox.ac.uk/record/30BF67F7-2C8B-4C00-9BDB-1F9CB714A4A0
518E4964-EBC8-4ADB-9739-A73EC34F6F36,dog_keyword,https://www.carc.ox.ac.uk/Vases/SPIFF/Images200/IT07/CVA.IT07.343.3/cc001001.jpe,http://www.beazley.ox.ac.uk/record/BAAB74DA-87FF-4B07-9DC9-5B44F66E5D06
DE7AB2CD-BF1B-49E6-BEE7-8ACD248CFED3,dog_keyword,https://www.carc.ox.ac.uk/Vases/SPIFF/Images200/IT41/CVA.IT41.BEIL.5.28/cc001001.jpe,http://www.beazley.ox.ac.uk/record/627B82FE-A2AC-41D8-86CE-6B6A7CCAD2C7
59901F55-6CDD-4790-8F94-D66DBBC10982,dog_keyword,https://www.carc.ox.ac.uk/Vases/SPIFF/Images200/IT40/CVA.IT40.1801.6/cc001001.jpe,http://www.beazley.ox.ac.uk/record/57B68FD1-97BF-4E30-A7A6-BECC4DDB439E
ABFEC697-4C10-44D4-BE1A-376BC7BB8964,dog_keyword,https://www.carc.ox.ac.uk/Vases/SPIFF/Images200/NL08/CVA.NL08.FIG.9/cc001001.jpe,http://www.beazley.ox.ac.uk/record/F1F0342E-653D-4E56-9644-9A77E4687E49
2991DAB1-EE33-434A-ABB8-08D9F408D72F,dog_keyword,https://www.carc.ox.ac.uk/Vases/SPIFF/Images200/GER84/CVA.GER84.4403.1/cc001001.jpe,http://www.beazley.ox.ac.uk/record/69532921-0DFC-4058-BA33-1268C2E7A643
5A78A67D-D3D0-4BE7-A91E-DD29E14F9C62,dog_keyword,https://www.carc.ox.ac.uk/Vases/SPIFF/Images200/GB18/CVA.875.3/cc001001.jpe,http://www.beazley.ox.ac.uk/record/F23D416B-1362-4863-8BFA-B6BDE4BAF668
6EF9128A-4FF5-4D5D-A453-BB98DE5B9D2E,dog_keyword,https://www.carc.ox.ac.uk/Vases/SPIFF/Images200/GER09/CVA.GER09.422.9/cc001001.jpe,http://www.beazley.ox.ac.uk/record/D7886517-3946-4F9C-9D6C-BEB00274CC1E
C23CCA18-8892-4DC2-A6AC-928807932D8A,dog_keyword,https://www.carc.ox.ac.uk/Vases/SPIFF/Images200/FR09/CVA.FR09.405.2/cc001001.jpe,http://www.beazley.ox.ac.uk/record/F6A02962-D8DF-4679-B021-3553E2D10C85
FE74C8E0-F777-4524-B1DB-9472B1075FDE,dog_keyword,https://www.carc.ox.ac.uk/Vases/SPIFF/Images200/GER110/CVA.GER110.5688.1/cc001001.jpe,http://www.beazley.ox.ac.uk/record/A77B886B-0747-4A8A-80B8-82CD00269AF3
A6052A9F-9257-4089-AD8B-F4D5A1D085C7,dog_keyword,https://www.carc.ox.ac.uk/Vases/SPIFF/Images200/28112014/10180/cc001001.jpe,http://www.beazley.ox.ac.uk/record/8EEA3456-8873-4993-8CAF-F29C75050CDA
B3BA558A-F439-4783-BC22-1B2279E5C1BD,dog_keyword,https://www.carc.ox.ac.uk/Vases/SPIFF/Images200/RUM02/CVA.RUM02.083.7/cc001001.jpe,http://www.beazley.ox.ac.uk/record/6FC416A8-5A51-41CD-AA91-F8D9852A81DD
8526D40A-F26B-444D-AAF7-B5FB64EC2404,dog_keyword,https://www.carc.ox.ac.uk/Vases/SPIFF/Images200/BF HYDRIAI L/10479.BD1/cc001001.jpe,http://www.beazley.ox.ac.uk/record/B4B9BEDC-86C7-4497-AEBE-1EF214C00E57
F3ABE276-57E9-4D8A-9BD4-11D04FBC9420,dog_keyword,https://www.carc.ox.ac.uk/Vases/SPIFF/Images200/BEL02/CVA.BEL02.060.1B/cc001001.jpe,http://www.beazley.ox.ac.uk/record/7EC0CA1C-B9B3-43B9-BDF6-4FED7355C054
7C840877-E71D-4BB4-8813-893566A1C390,dog_keyword,https://www.carc.ox.ac.uk/Vases/SPIFF/Images200/GER10/CVA.GER10.473.3/cc001001.jpe,http://www.beazley.ox.ac.uk/record/BE242A77-8FD0-46B2-9025-0E7FBA4F1D28
3B673D27-C91B-45CF-ACA3-E417F97A0ADA,dog_keyword,https://www.carc.ox.ac.uk/Vases/SPIFF/Images200/FR02/CVA.FR02.079.2/cc001001.jpe,http://www.beazley.ox.ac.uk/record/ABB7FCE0-3978-4643-B822-F5810ED9A87A
CCD6F307-1FCB-4113-B691-88BC552C9829,dog_keyword,https://www.carc.ox.ac.uk/Vases/SPIFF/Images200/F04/CVA.F04.159.1/cc001001.jpe,http://www.beazley.ox.ac.uk/record/A97CED2E-11AB-478A-B72D-426C9951DF1E
E5FCFC1E-EDDB-428E-88D6-1758BA2B868B,dog_keyword,https://www.carc.ox.ac.uk/Vases/SPIFF/Images200/F08/CVA.F08.352.10/cc001001.jpe,http://www.beazley.ox.ac.uk/record/2FD7A5C7-FA48-4CC1-B03B-BD5184D97031
2856E398-FFB9-4650-B65E-6153626DF1AF,dog_keyword,https://www.carc.ox.ac.uk/Vases/SPIFF/Images200/F08/CVA.F08.352.4/cc001001.jpe,http://www.beazley.ox.ac.uk/record/B45931E6-CB09-4C1F-8C40-DA09E5BFC884
DBEC6BC1-DA72-45F9-8BC6-37B11EC47AE3,dog_keyword,https://www.carc.ox.ac.uk/Vases/SPIFF/Images200/F08/CVA.F08.351.2/cc001001.jpe,http://www.beazley.ox.ac.uk/record/4CAFE694-BE8A-4C78-8655-B977C79D90FD
FB0F5CE4-B315-479B-AFA5-F8BF97A6F902,dog_keyword,https://www.carc.ox.ac.uk/Vases/SPIFF/Images200/DEN03/CVA.DEN03.111.5/cc001001.jpe,http://www.beazley.ox.ac.uk/record/06E7DF47-40BF-438A-AB6D-1BD7A3C4E383
7D59DC34-A19E-4700-8C7C-A86613D5A078,dog_keyword,https://www.carc.ox.ac.uk/Vases/SPIFF/Images200/F16/CVA.F16.698.6/cc001001.jpe,http://www.beazley.ox.ac.uk/record/64CC57FC-733C-4416-8E8D-B75CB34051C3
9DFC1E7E-4BE2-4555-A087-A08BC6E840E0,dog_keyword,https://www.carc.ox.ac.uk/Vases/SPIFF/Images200/BEL02/CVA.BEL02.058.1B/cc001001.jpe,http://www.beazley.ox.ac.uk/record/85934C31-B859-4A28-BE77-16063736A6F6
FCE30AFA-9BF8-448F-89D2-5083CD0D47A7,dog_keyword,https://www.carc.ox.ac.uk/Vases/SPIFF/Images200/F10/CVA.F10.456.4/cc001001.jpe,http://www.beazley.ox.ac.uk/record/371D06CB-E5BD-465A-844B-4B89C4D6984F
9C1C18C6-83B1-407D-91FD-078CC0164E86,dog_keyword,https://www.carc.ox.ac.uk/Vases/SPIFF/Images200/GER10/CVA.GER10.474.11/cc001001.jpe,http://www.beazley.ox.ac.uk/record/FD05A3C6-1C67-4495-A5C6-19ADB07FE988
1849CEAD-CF3A-478A-B4AB-BDCE5AE2AE6F,dog_keyword,https://www.carc.ox.ac.uk/Vases/SPIFF/Images200/GER10/CVA.GER10.471.10/cc001001.jpe,http://www.beazley.ox.ac.uk/record/ED5F2DAD-3630-4A16-B755-D8B33D63FB83
251E73F1-F1F0-458E-B0D9-71CEBBDADA5E,dog_keyword,https://www.carc.ox.ac.uk/Vases/SPIFF/Images200/GB08/CVA.357.13/cc001001.jpe,http://www.beazley.ox.ac.uk/record/418B68DB-4343-40EB-8DCD-571D5B28AB4A
483C05A8-954F-43FB-8181-C008FFAED4C5,dog_keyword,https://www.carc.ox.ac.uk/Vases/SPIFF/Images200/GB02/CVA.73.6/cc001001.jpe,http://www.beazley.ox.ac.uk/record/70D3BA44-EDD6-44C9-A189-666D803FDD4C
2D301D77-1336-4121-B4F4-7005E0724998,dog_keyword,https://www.carc.ox.ac.uk/Vases/SPIFF/Images200/GB09/CVA.GB09.404.26/cc001001.jpe,http://www.beazley.ox.ac.uk/record/50942BC9-867E-4C23-B160-4B86E9A1709E
BB57E4F9-ED68-4734-99C9-69E0C2C78C4E,dog_keyword,https://www.carc.ox.ac.uk/Vases/SPIFF/Images200/GB09/CVA.GB09.404.6/cc001001.jpe,http://www.beazley.ox.ac.uk/record/F20C5BE6-0C66-474C-8772-450D26C02002
A66177A2-E305-4969-B06D-27AC611834DC,dog_keyword,https://www.carc.ox.ac.uk/Vases/SPIFF/Images200/GB09/CVA.GB09.402.17/cc001001.jpe,http://www.beazley.ox.ac.uk/record/95D5418A-D7FD-4B22-BA2F-4D2350BD8850
B9EF5209-83D4-4ACE-AB58-5933C9F5954D,dog_keyword,https://www.carc.ox.ac.uk/Vases/SPIFF/Images200/GB04/CVA.164.1a/cc001001.jpe,http://www.beazley.ox.ac.uk/record/6FE2387C-B265-460C-80E6-1FC48B69B1AD
EA89D2BF-4A4A-4598-B086-BBE7E6550A3B,dog_keyword,https://www.carc.ox.ac.uk/Vases/SPIFF/Images200/GB05/CVA.207.2a/cc001001.jpe,http://www.beazley.ox.ac.uk/record/3820B1DC-E994-481B-A681-A9400C00A12E
136168BE-AD81-4894-90A9-3C1BDBBEDA13,dog_keyword,https://www.carc.ox.ac.uk/Vases/SPIFF/Images200/GER26/CVA.GER26.1230.3/cc001001.jpe,http://www.beazley.ox.ac.uk/record/07793831-BB4F-4B29-8E85-DECDF540E849
13C857BA-FD12-4124-9A6A-FA4BA50F415E,dog_keyword,https://www.carc.ox.ac.uk/Vases/SPIFF/Images200/GER15/CVA.GER15.736.3/cc001001.jpe,http://www.beazley.ox.ac.uk/record/550269ED-66C3-4B43-91EC-56657AC8E285
854732D2-F57B-4E23-A734-7CD6E7658A59,dog_keyword,https://www.carc.ox.ac.uk/Vases/SPIFF/Images200/GER15/CVA.GER15.731.3/cc001001.jpe,http://www.beazley.ox.ac.uk/record/4113F4C0-55F1-49FA-881A-8A73A1BCD6AA
38DFF5E1-9993-41B0-8D52-6CCA5E11EF62,dog_keyword,https://www.carc.ox.ac.uk/Vases/SPIFF/Images200/F19/CVA.F19.857.2/cc001001.jpe,http://www.beazley.ox.ac.uk/record/CC944E8B-DDD2-46B1-A583-1B9D5410E584
03DC6CE2-493B-457F-BAED-0FC357000876,dog_keyword,https://www.carc.ox.ac.uk/Vases/SPIFF/Images200/Unatt31to45/12281.BD/cc001001.jpe,http://www.beazley.ox.ac.uk/record/D5CEE83B-DE2E-4014-8B82-BDF24CEEB8F4
7E7BABC5-2C06-4934-8F6F-6E4440084C39,dog_keyword,https://www.carc.ox.ac.uk/Vases/SPIFF/Images200/F20/CVA.F20.894.4/cc001001.jpe,http://www.beazley.ox.ac.uk/record/998A9A90-1CD4-4E9C-9497-847E3099435F
BBE83D75-CC01-4E66-9D9C-DD5F9E70EAC4,dog_keyword,https://www.carc.ox.ac.uk/Vases/SPIFF/Images200/GER07/CVA.GER07.329.3/cc001001.jpe,http://www.beazley.ox.ac.uk/record/77EF2199-DCBA-4267-B40D-97E678635873
016D6CFD-6EC6-4CBA-BF50-3232A8EB46A9,dog_keyword,https://www.carc.ox.ac.uk/Vases/SPIFF/Images200/GER30/CVA.GER30.1448.4/cc001001.jpe,http://www.beazley.ox.ac.uk/record/16B0C778-51C5-4BB3-A2DF-9547AD1EE0D8
BA963795-1A02-4924-A7F5-06A428817E22,dog_keyword,https://www.carc.ox.ac.uk/Vases/SPIFF/Images200/GER30/CVA.GER30.1445.2/cc001001.jpe,http://www.beazley.ox.ac.uk/record/8B0D660C-E9FD-4939-94D2-5267BD704E67
214AE0BC-72DE-41F8-B971-5714C0DE4B02,dog_keyword,https://www.carc.ox.ac.uk/Vases/SPIFF//Images200/GB11/CVA.499.18/cc001001.jpe,http://www.beazley.ox.ac.uk/record/FD077579-771B-4B43-B8A4-955219D12CBE
370776E0-7F17-45B1-9894-65481D5662D9,dog_keyword,https://www.carc.ox.ac.uk/Vases/SPIFF/Images200/IT07/CVA.IT07.328.4/cc001001.jpe,http://www.beazley.ox.ac.uk/record/86C07FCE-92D9-4B7E-9CA0-28FEA56F9243
23A3CA97-7C0E-43FA-8BA7-73ED9A385DFB,dog_keyword,https://www.carc.ox.ac.uk/Vases/SPIFF/Images200/IT07/CVA.IT07.313.2/cc001001.jpe,http://www.beazley.ox.ac.uk/record/EB9445C6-1697-4EDD-A202-CF5EE2BC50FD
CD9B45F9-5979-4069-961C-AEF2F57D0360,dog_keyword,https://www.carc.ox.ac.uk/Vases/SPIFF/Images200/IT07/CVA.IT07.308.4/cc001001.jpe,http://www.beazley.ox.ac.uk/record/ED31AEBE-C220-461D-AA31-3C5BCDF803EE
C0AC217A-6A45-4C39-A001-D5B0F73872A2,dog_keyword,https://www.carc.ox.ac.uk/Vases/SPIFF/Images200/GB02/CVA.74.2/cc001001.jpe,http://www.beazley.ox.ac.uk/record/1E12C541-FA48-4BE8-B258-432D83135711
B1CBD91D-4333-481C-B127-2BFC48CCC18F,dog_keyword,https://www.carc.ox.ac.uk/Vases/SPIFF/Images200/GB02/CVA.69.4b/cc001001.jpe,http://www.beazley.ox.ac.uk/record/BDCB326E-F0FE-4DC8-8072-F2A8D78A9509
42ACC6E8-939A-4270-885D-AD4D56AF0E98,dog_keyword,https://www.carc.ox.ac.uk/Vases/SPIFF/Images200/GB01/CVA.GB01.28.2b/cc001001.jpe,http://www.beazley.ox.ac.uk/record/A07B1CEE-E4BF-4A7F-8EF6-C9505F65123A
FFE84B43-6278-4713-A273-DE941EE5F939,dog_keyword,https://www.carc.ox.ac.uk/Vases/SPIFF/Images200/GB08/CVA.356.10/cc001001.jpe,http://www.beazley.ox.ac.uk/record/18D868B0-9615-4999-9847-3B884EEC8FBC
5F75F950-736B-4142-98CC-406FBA0FD10E,dog_keyword,https://www.carc.ox.ac.uk/Vases/SPIFF/Images200/USA08/CVA.USA08.358.16/cc001001.jpe,http://www.beazley.ox.ac.uk/record/CE49915E-0211-4472-AB7D-D48973943E54
D0EFF9CA-0521-491A-A2C7-8C93E3936830,dog_keyword,https://www.carc.ox.ac.uk/Vases/SPIFF/Images200/23012015/13483.1/cc001001.jpe,http://www.beazley.ox.ac.uk/record/A3012FCA-7DE0-4834-A577-D6C1E91C08E9
47D8457D-5897-4439-94A8-537F4A0C19BC,dog_keyword,https://www.carc.ox.ac.uk/Vases/SPIFF/Images200/IT26/CVA.IT26.1170.3/cc001001.jpe,http://www.beazley.ox.ac.uk/record/A87E3CDD-C43A-41EA-A9F3-C1554956EE2E
2332A080-AAED-42B7-8D93-7FB204EFAE86,dog_keyword,https://www.carc.ox.ac.uk/Vases/SPIFF/Images200/IT20/CVA.IT20.946.6/cc001001.jpe,http://www.beazley.ox.ac.uk/record/CF269C76-2279-4BAA-95F3-2CF63E90EA7D
6AC8078F-66B3-4ECC-B81D-EFEDC19ACC7E,dog_keyword,https://www.carc.ox.ac.uk/Vases/SPIFF/Images200/POL02/CVA.POL02.080.6B/cc001001.jpe,http://www.beazley.ox.ac.uk/record/16A5AE64-D296-40FC-A23C-A4BA98D6E8D1
A6DECB8C-0D20-45D6-AF89-2B6AE53420D7,dog_keyword,https://www.carc.ox.ac.uk/Vases/SPIFF/Images200/POL01/CVA.POL01.012.3B/cc001001.jpe,http://www.beazley.ox.ac.uk/record/4AC0222E-A950-4EFE-9F17-6F70ECE678CB
01317670-3FBB-4BA6-87D5-8BE7E0457423,dog_keyword,https://www.carc.ox.ac.uk/Vases/SPIFF/Images200/POL02/CVA.POL02.079.8/cc001001.jpe,http://www.beazley.ox.ac.uk/record/845D54B4-E265-4EC4-9409-785198A51759
C9CEE362-8F42-4013-A2F3-B4F279240F96,dog_keyword,https://www.carc.ox.ac.uk/Vases/SPIFF/Images200/IT20/CVA.IT20.977.10/cc001001.jpe,http://www.beazley.ox.ac.uk/record/5ACE78AB-01D6-44B3-8EDA-9F945022F3EE
58BE29B4-2228-4C91-8905-4E15F547ADAD,dog_keyword,https://www.carc.ox.ac.uk/Vases/SPIFF/Images200/IT20/CVA.IT20.977.4/cc001001.jpe,http://www.beazley.ox.ac.uk/record/1BAFD8D2-1375-457A-BF11-3952B1C0F7B2
71CE8A3A-1E87-4781-B34B-3608BBBD3C34,dog_keyword,https://www.carc.ox.ac.uk/Vases/SPIFF/Images200/IT20/CVA.IT20.984.4/cc001001.jpe,http://www.beazley.ox.ac.uk/record/4BD7FA34-F92E-4BB0-95D1-60600F401937
2762A5B0-2CD8-4208-B37D-7AC8BBC69D15,dog_keyword,https://www.carc.ox.ac.uk/Vases/SPIFF/Images200/IT17/CVA.IT17.810.5/cc001001.jpe,http://www.beazley.ox.ac.uk/record/E5571C7B-8B88-4A39-BA26-82C3046B377C
933D769F-DD2D-496C-A910-0B42887E7082,dog_keyword,https://www.carc.ox.ac.uk/Vases/SPIFF/Images200/IT17/CVA.IT17.812.2/cc001001.jpe,http://www.beazley.ox.ac.uk/record/38757544-D972-4188-A3E9-A3FAB9563881
597C082F-5A2F-42EE-8CB7-2FCCE9B54FCF,dog_keyword,https://www.carc.ox.ac.uk/Vases/SPIFF/Images200/IT10/CVA.IT10.499.4/cc001001.jpe,http://www.beazley.ox.ac.uk/record/822679BC-97CF-4B0E-BF8E-206C3F004CDF
56D54984-3F06-4ADC-BDE8-4F7E5B4AB9BC,dog_keyword,https://www.carc.ox.ac.uk/Vases/SPIFF/Images200/IT07/CVA.IT07.311.4/cc001001.jpe,http://www.beazley.ox.ac.uk/record/382AD6E4-52F1-4332-B118-C6BA59286B10
50904F2E-0272-4931-A91F-170CF837A4C8,dog_keyword,https://www.carc.ox.ac.uk/Vases/SPIFF/Images200/SW03/CVA.SW03.094.3/cc001001.jpe,http://www.beazley.ox.ac.uk/record/0CC9704D-D0E2-48FC-B16E-D1716FB31E37
4BE14EE5-18B3-4E39-8BEF-FED38CF20D97,dog_keyword,https://www.carc.ox.ac.uk/Vases/SPIFF/Images100/001211/14691.B/cc001001.jpe,http://www.beazley.ox.ac.uk/record/0633ED69-73B1-429C-B520-23095E0E3EAB
02786250-DBD7-4C43-8DC9-6AD0177563C8,dog_keyword,https://www.carc.ox.ac.uk/Vases/SPIFF/Images200/Unatt46to60/14701.A/cc001001.jpe,http://www.beazley.ox.ac.uk/record/AC0647EB-8AE7-444D-AD10-007B69FB040A
DC8CBC49-540C-48A9-99C0-F3EEF59EFFF5,dog_keyword,https://www.carc.ox.ac.uk/Vases/SPIFF/Images200/USA23/CVA.USA23.FIG.24/cc001001.jpe,http://www.beazley.ox.ac.uk/record/42C2F28B-5B63-4DBB-BCE1-26F6780D6999
25A7D2C1-F7A3-42D1-8314-668E1ABB8355,dog_keyword,https://www.carc.ox.ac.uk/Vases/SPIFF/Images100/001211/14893.A/cc001001.jpe,http://www.beazley.ox.ac.uk/record/57E86AA0-0F0A-4A4B-9025-A2CA9A364C68
298AEAE3-BD08-4FA3-8E8B-C39016988B44,dog_keyword,https://www.carc.ox.ac.uk/Vases/SPIFF/Images200/Unatt2to15/14936.B/cc001001.jpe,http://www.beazley.ox.ac.uk/record/6647559D-F59E-4D0F-8759-A5D03F13C2AC
8240491A-36C2-48D3-9C6C-7F9BDB1FE9C6,dog_keyword,https://www.carc.ox.ac.uk/Vases/SPIFF/Images200/GR04/CVA.GR04.185.1/cc001001.jpe,http://www.beazley.ox.ac.uk/record/E7A33CE3-5037-4413-BB24-9EAF6B0A548D
64AADDAD-A7FA-4AF2-93CA-F8AF66703874,dog_keyword,https://www.carc.ox.ac.uk/Vases/SPIFF/Images200/Unatt46to60/15289.AB1/cc001001.jpe,http://www.beazley.ox.ac.uk/record/1831934E-461B-4202-8DA3-7A78646E14E7
A15CC0E6-89B5-4464-9E02-674CACF86D74,dog_keyword,https://www.carc.ox.ac.uk/Vases/SPIFF/Images200/IT61/CVA.IT61.2712.3/cc001001.jpe,http://www.beazley.ox.ac.uk/record/FE635AB6-5289-44AE-A677-294458E3C216
BDA3F646-D362-4D86-B41D-B48F8B574167,dog_keyword,https://www.carc.ox.ac.uk/Vases/SPIFF/Images200/GER10/CVA.GER10.467.11/cc001001.jpe,http://www.beazley.ox.ac.uk/record/3683E56D-A2C0-4205-9376-3DC16CF41493
BEE4A81D-53DE-4F09-950B-70699E96616E,dog_keyword,https://www.carc.ox.ac.uk/Vases/SPIFF/Images200/20112014/17746.1/cc001001.jpe,http://www.beazley.ox.ac.uk/record/006AC318-3D2E-4B13-BAC2-A33C5449D8A2
465344A9-BF2C-4410-BC7E-6595A95620D1,dog_keyword,https://www.carc.ox.ac.uk/Vases/SPIFF/Images200/JP02/CVA.JP02.BEIL.2.5/cc001001.jpe,http://www.beazley.ox.ac.uk/record/DC02706D-ED55-4968-9140-519052D10066
F7A39CCB-EC1B-4D92-9FBD-749FFEEBD8B2,dog_keyword,https://www.carc.ox.ac.uk/Vases/SPIFF/Images200/USA24/CVA.USA24.1183.6/cc001001.jpe,http://www.beazley.ox.ac.uk/record/93FC9058-39BC-46F5-A675-5A0B9DDFB82B
F8B8824F-030A-4F28-9E26-54DEC39D1E4B,dog_keyword,https://www.carc.ox.ac.uk/Vases/SPIFF/Images200/IT67/CVA.IT67.FIG.26/cc001001.jpe,http://www.beazley.ox.ac.uk/record/C505D685-3ECF-4781-90C7-012E8195F9B0
94BCD7C9-E280-49EB-800F-E8BD1D10BFF4,dog_keyword,https://www.carc.ox.ac.uk/Vases/SPIFF/Images200/31102014/19166/cc001001.jpe,http://www.beazley.ox.ac.uk/record/B047109C-E546-4F7A-9082-C9B63BEC1419
15C420AF-6242-4831-BE7C-7C01917B6747,dog_keyword,https://www.carc.ox.ac.uk/Vases/SPIFF/Images200/GER94/CVA.GER94.4602.2/cc001001.jpe,http://www.beazley.ox.ac.uk/record/B29EEB25-4BFC-4CB4-9701-F4D5E6F58C30
D791E8E9-728E-48FB-A976-665C42B1C026,dog_keyword,https://www.carc.ox.ac.uk/Vases/SPIFF/Images200/GER65/CVA.GER65.3244.1/cc001001.jpe,http://www.beazley.ox.ac.uk/record/BA55D304-C825-497B-BC8A-3CCC5D88DD46
09AFA656-B71F-4804-A238-E8DF884587EA,dog_keyword,https://www.carc.ox.ac.uk/Vases/SPIFF/8EC8C82B9E404DBC8D273B9E663CEA12/cc001001.jpe,http://www.beazley.ox.ac.uk/record/C482C33F-66C6-413D-B529-09BF9B718955
4864009C-CF31-467F-B25C-03926A5280FA,dog_keyword,https://www.carc.ox.ac.uk/Vases/SPIFF/Images200/NL11/CVA.NL11.584.1/cc001001.jpe,http://www.beazley.ox.ac.uk/record/CAEF646C-3DC0-46F3-B51B-87443DF96E1E
687E19F6-A709-4D9A-A5D3-0F7AF9F905A2,dog_keyword,https://www.carc.ox.ac.uk/Vases/SPIFF/Images200/GB18/CVA.877.4/cc001001.jpe,http://www.beazley.ox.ac.uk/record/5ED7D900-0DDC-40EC-8755-D1635B7652E1
04DB54CF-2092-4AC6-A23F-2DB421BD6D35,dog_keyword,https://www.carc.ox.ac.uk/Vases/SPIFF/Images200/Unatt31to45/20157.FR/cc001001.jpe,http://www.beazley.ox.ac.uk/record/B62656E2-7A7A-473C-96CF-43C624E5B430
4D3DEA97-0218-4F26-928E-5FD1930F7DB1,dog_keyword,https://www.carc.ox.ac.uk/Vases/SPIFF/Images200/Unatt31to45/20588/cc001001.jpe,http://www.beazley.ox.ac.uk/record/97AF223D-3B47-4722-9B36-0003EA5AD331
07FE28BE-4866-4BFC-B52C-7A8696BDEAB2,dog_keyword,https://www.carc.ox.ac.uk/Vases/SPIFF/Images200/Unatt46to60/21352.FRR/cc001001.jpe,http://www.beazley.ox.ac.uk/record/495A7ABC-ED2D-4215-AED9-D8AE92FF3873
87DAA9C7-E2F0-4B18-B117-9D8A8D266A42,dog_keyword,https://www.carc.ox.ac.uk/Vases/SPIFF/Images200/Unatt46to60/22732.BD1/cc001001.jpe,http://www.beazley.ox.ac.uk/record/DC2933C0-9C4E-4ADC-A23E-384525052987
30C8B4E1-7D3A-4000-943B-13D76C11E2ED,dog_keyword,https://www.carc.ox.ac.uk/Vases/SPIFF/Images200/BF AMPHORAE A TYPE/22999.A1/cc001001.jpe,http://www.beazley.ox.ac.uk/record/9000376B-EAF6-44E6-A1E6-4A48B0D1A8C9
1BA2F43A-41D4-46B7-9AF0-6FDE706C426C,dog_keyword,https://www.carc.ox.ac.uk/Vases/SPIFF/Images100/001124/23032.A/cc001001.jpe,http://www.beazley.ox.ac.uk/record/B234B817-2D05-4C36-B656-86614E3C667A
CE73730B-7273-4A98-B745-6875B18F0F32,dog_keyword,https://www.carc.ox.ac.uk/Vases/SPIFF/Images100/001204/23064.A/cc001001.jpe,http://www.beazley.ox.ac.uk/record/628C40E8-830E-4117-8D0A-B947BF32D381
4B5EF868-D0D0-4F89-8119-8A40C206AA05,dog_keyword,https://www.carc.ox.ac.uk/Vases/SPIFF/3C54F116234B44F9843FE0AD10DB2345/cc001001.jpe,http://www.beazley.ox.ac.uk/record/C56A4F17-179E-4421-A7D2-89FBBD7B3D31
5D987CB2-712B-4233-8A71-BC732AFEF128,dog_keyword,https://www.carc.ox.ac.uk/Vases/SPIFF/Images200/JP02/CVA.JP02.BEIL.4.10/cc001001.jpe,http://www.beazley.ox.ac.uk/record/E6CA7D66-2595-4046-A973-478FF37F2147
D58D7006-5984-4F19-86F8-629694E046C3,dog_keyword,https://www.carc.ox.ac.uk/Vases/SPIFF/Images200/IT70/CVA.IT70.3174.1/cc001001.jpe,http://www.beazley.ox.ac.uk/record/E830F9E0-B579-4E02-A70D-3D7DCC0DFDC8
7AC1922F-2463-415F-BB3B-321870CC3FCA,dog_keyword,https://www.carc.ox.ac.uk/Vases/SPIFF/Images200/21112014/24035.1/cc001001.jpe,http://www.beazley.ox.ac.uk/record/73F2A3C2-5DCE-49C9-A811-83B80312ECCF
B5DB3C72-7078-439F-8D1C-0A15ABCE9D86,dog_keyword,https://www.carc.ox.ac.uk/Vases/SPIFF/Images200/010502/24076.B/cc001001.jpe,http://www.beazley.ox.ac.uk/record/55E936B8-2F3F-4CE5-B69D-6219A05E5C3B
F129B3D5-E322-4804-96EB-976C107690C2,dog_keyword,https://www.carc.ox.ac.uk/Vases/SPIFF/Images200/BF AMPHORAE TYPE B O-R/24124.A/cc001001.jpe,http://www.beazley.ox.ac.uk/record/ADD13AC7-0653-4FAE-86F2-D24FA05D4C4B
2959BDFA-FC0C-49D9-9F56-51B563CC528D,dog_keyword,https://www.carc.ox.ac.uk/Vases/SPIFF/Images200/GR06/CVA.GR06.323.4/cc001001.jpe,http://www.beazley.ox.ac.uk/record/5D8A0B03-7D3A-4FD3-959F-370A97113609
B9CA226D-B634-43C6-8863-5EF1C5086F9E,dog_keyword,https://www.carc.ox.ac.uk/Vases/SPIFF/Images200/GR06/CVA.GR06.324.4/cc001001.jpe,http://www.beazley.ox.ac.uk/record/FE547F60-DC61-40AB-958A-DE8DB61AD242
99CF1655-22F0-4A20-BB34-0F6030200279,dog_keyword,https://www.carc.ox.ac.uk/Vases/SPIFF/Images200/Unatt2to15/24966.A/cc001001.jpe,http://www.beazley.ox.ac.uk/record/590C8BC2-865E-4BD3-A404-15EF0F7F1361
6F5E84AB-0843-496A-9BC4-1BE2110F1AB9,dog_keyword,https://www.carc.ox.ac.uk/Vases/SPIFF/Images200/30012015/24969.1/cc001001.jpe,http://www.beazley.ox.ac.uk/record/F87DAD38-CC2A-43B9-BA22-8684DCB38A45
6D1F5145-1396-45B8-A206-C5FB7448C6A9,dog_keyword,https://www.carc.ox.ac.uk/Vases/SPIFF/Images200/USA21/CVA.USA21.1018.2/cc001001.jpe,http://www.beazley.ox.ac.uk/record/2E8DC5B5-50C7-4ECD-9155-1D004CDB3638
73E70C3F-E95B-4E4C-B8B9-A85713293B84,dog_keyword,https://www.carc.ox.ac.uk/Vases/SPIFF/713A74978CC644AF81B8B6EA89A55C53/cc001001.jpe,http://www.beazley.ox.ac.uk/record/B91FD613-1674-4264-98E8-6AAD0EAFBEB2
3869656B-61EE-4060-978C-D5A3AC23F0AC,dog_keyword,https://www.carc.ox.ac.uk/Vases/SPIFF/Images200/GER65/CVA.GER65.3238.4/cc001001.jpe,http://www.beazley.ox.ac.uk/record/F5CCA33B-A1AA-464F-9D71-30BF04D8C346
DB42D061-152A-4355-9C3B-8AC77400BC2B,dog_keyword,https://www.carc.ox.ac.uk/Vases/SPIFF/Images200/FR36/CVA.FR36.FIG.32.18/cc001001.jpe,http://www.beazley.ox.ac.uk/record/F52B5386-D7B4-451D-A199-729FD775C80C
CF7ED2D9-EE7F-4CFA-B5ED-6622745651FC,dog_keyword,https://www.carc.ox.ac.uk/Vases/SPIFF/Images200/GB18/CVA.879.7/cc001001.jpe,http://www.beazley.ox.ac.uk/record/ED3BA763-2FC9-4131-8F03-A24B62F86E66
5890C1C6-1605-4CCC-8F3F-C0E0F37DF871,dog_keyword,https://www.carc.ox.ac.uk/Vases/SPIFF/Images200/ABV1/30432.BD1/cc001001.jpe,http://www.beazley.ox.ac.uk/record/2F16ED51-79D4-411C-992C-834360E45E05
E5541139-CDF6-401D-82A2-3E883F12FB5D,dog_keyword,https://www.carc.ox.ac.uk/Vases/SPIFF/Images200/GR03/CVA.GR03.BEIL.9.4/cc001001.jpe,http://www.beazley.ox.ac.uk/record/FC676F6C-13E3-446D-805E-88454904AB9E
D55E20D9-7334-443C-9D78-88CEB61411A6,dog_keyword,https://www.carc.ox.ac.uk/Vases/SPIFF/Images200/Unatt61to74/30996.ST/cc001001.jpe,http://www.beazley.ox.ac.uk/record/ABE20FCE-8DFC-4732-B3B6-98C9F8E167B6
E985F4E3-6112-4B93-8AB0-AECD341706E9,dog_keyword,https://www.carc.ox.ac.uk/Vases/SPIFF/Images200/Unatt16to30/31237.AB/cc001001.jpe,http://www.beazley.ox.ac.uk/record/4C59A506-0A7D-4760-A131-DF11C4DCBDDE
3CBE9686-5872-42DB-A2E8-227A1375F5A5,dog_keyword,https://www.carc.ox.ac.uk/Vases/SPIFF/Images200/Unatt01/31565.FR/cc001001.jpe,http://www.beazley.ox.ac.uk/record/2C9FDCA2-26EE-403C-8149-FFB0219CB58F
6AEA759A-1E9D-4798-AF2C-C3BAD1C02BBA,dog_keyword,https://www.carc.ox.ac.uk/Vases/SPIFF/Images200/GER57/CVA.GER57.BEIL.13.1/cc001001.jpe,http://www.beazley.ox.ac.uk/record/C00BFEB3-A7FF-4EE5-B8D9-A1699CFAD67E
C48C2526-CFD5-4242-BA78-0999A4346994,dog_keyword,https://www.carc.ox.ac.uk/Vases/SPIFF/Images200/GER57/CVA.GER57.BEIL.5.1/cc001001.jpe,http://www.beazley.ox.ac.uk/record/81AF23E8-BC35-4AB5-8F63-297D4A310408
73342392-8BBC-438A-AE98-8630569626F9,dog_keyword,https://www.carc.ox.ac.uk/Vases/SPIFF/Images200/Unatt46to60/32341.FR/cc001001.jpe,http://www.beazley.ox.ac.uk/record/A6023C62-105B-4667-94FD-E11B0453C4CE
619D1940-5D41-49E2-BBB9-BCB9DE170316,dog_keyword,https://www.carc.ox.ac.uk/Vases/SPIFF/Images200/Unatt46to60/41231.BD1/cc001001.jpe,http://www.beazley.ox.ac.uk/record/5DB4CA26-6D9D-407A-94DF-648C13049DA8
170AF04E-084F-4F61-B0BF-C1445795B3C2,dog_keyword,https://www.carc.ox.ac.uk/Vases/SPIFF/Images200/Unatt31to45/41236.FR1/cc001001.jpe,http://www.beazley.ox.ac.uk/record/D16B13CC-8CF9-4BEB-8223-C62C40A5F3BC
AB228F09-A99F-458D-99B4-828A345E1279,dog_keyword,https://www.carc.ox.ac.uk/Vases/SPIFF/Images200/Unatt31to45/41558.BD/cc001001.jpe,http://www.beazley.ox.ac.uk/record/93FD1981-0FF9-456F-A4D8-516C5AA0D796
17406E78-237B-4F0C-95E0-EFED04C15D63,dog_keyword,https://www.carc.ox.ac.uk/Vases/SPIFF/Images200/30012015/41562.1/cc001001.jpe,http://www.beazley.ox.ac.uk/record/283C1D4C-FCA9-4FE8-AACD-24068B92328B
38CC2A20-8B9A-42A5-9682-2E3C952F429C,dog_keyword,https://www.carc.ox.ac.uk/Vases/SPIFF/Images200/USA25/CVA.USA25.FIG.8/cc001001.jpe,http://www.beazley.ox.ac.uk/record/BA172518-3211-4D06-8A15-DD69DD2B95D5
2283A929-B9BA-4036-87FF-DCAF3158C8BB,dog_keyword,https://www.carc.ox.ac.uk/Vases/SPIFF/Images200/GR03/CVA.GR03.BEIL.17.3/cc001001.jpe,http://www.beazley.ox.ac.uk/record/13570C4F-210A-4220-A310-BBDEF8887AF8
A692ED3F-9EA9-4FA7-AB91-E830BE0AEB28,dog_keyword,https://www.carc.ox.ac.uk/Vases/SPIFF//Images200/020121/44269.B/cc001001.jpe,http://www.beazley.ox.ac.uk/record/D0B28D5A-26B6-474A-9554-09C545CAE2D7
D2FF4003-B334-4121-900D-AB7276C3334C,dog_keyword,https://www.carc.ox.ac.uk/Vases/SPIFF/Images200/USA25/CVA.USA25.1239.9/cc001001.jpe,http://www.beazley.ox.ac.uk/record/A82291E6-E319-43D5-9CE1-322C5C91418C
76417D51-C73B-4FF4-9CB9-1A8662432747,dog_keyword,https://www.carc.ox.ac.uk/Vases/SPIFF/Images200/IT65/CVA.IT65.2935.4/cc001001.jpe,http://www.beazley.ox.ac.uk/record/17EFA70C-F40A-463C-B7F6-9CEF2BABC056
EAC9634E-3009-4361-A84E-C96EBB7536AA,dog_keyword,https://www.carc.ox.ac.uk/Vases/SPIFF/Images200/IT65/CVA.IT65.2944.1/cc001001.jpe,http://www.beazley.ox.ac.uk/record/AC9B3908-684B-4C0E-B292-B49A3194A3A0
9CBE9636-40DA-49F3-AF10-82EA4931A29E,dog_keyword,https://www.carc.ox.ac.uk/Vases/SPIFF/Images200/IT65/CVA.IT65.2944.4/cc001001.jpe,http://www.beazley.ox.ac.uk/record/90DFBB73-BFA9-4958-8203-6E343368693F
BE3502D1-2731-47E7-AC38-EB57B4D5233A,dog_keyword,https://www.carc.ox.ac.uk/Vases/SPIFF/Images200/IT65/CVA.IT65.2928.2/cc001001.jpe,http://www.beazley.ox.ac.uk/record/9F92C3A0-5A1F-4079-BBC3-CD82B4ACA574
11FAAF30-53D2-4D1F-BD58-21AB0DFC48F6,dog_keyword,https://www.carc.ox.ac.uk/Vases/SPIFF/Images200/GER78/CVA.GER78.3955.2/cc001001.jpe,http://www.beazley.ox.ac.uk/record/C4C58176-B18E-4C6C-BCF6-81C3000F8D85
F33E622C-39EA-47F0-9954-EBDEEC0DF98E,dog_keyword,https://www.carc.ox.ac.uk/Vases/SPIFF/Images200/ABV210toX1/46046.BD1/cc001001.jpe,http://www.beazley.ox.ac.uk/record/7C16F312-147E-4CB2-A40E-6D7C70945E21
628E1459-8DB0-4F85-9804-EAB8B6CFC5EC,dog_keyword,https://www.carc.ox.ac.uk/Vases/SPIFF/Images200/ABV175to209/46897.BD1/cc001001.jpe,http://www.beazley.ox.ac.uk/record/FDFB3CCA-4EED-41EA-932B-15F922F6C4F5
010A97C5-4902-45AE-8F03-7BCC8AEB5221,dog_keyword,https://www.carc.ox.ac.uk/Vases/SPIFF/Images200/ABV1/46922.BD1/cc001001.jpe,http://www.beazley.ox.ac.uk/record/FFE71B8F-5703-4EB4-81C1-9C2D896954C6
8A9B84D0-39C2-401B-8919-357977633327,dog_keyword,https://www.carc.ox.ac.uk/Vases/SPIFF/Images200/GER15/CVA.GER15.727.2/cc001001.jpe,http://www.beazley.ox.ac.uk/record/39D94EE5-4302-4262-A4D3-64C7E5714EC7
BB6F9263-640B-4D97-99E7-37D4757FA285,dog_keyword,https://www.carc.ox.ac.uk/Vases/SPIFF/Images100/208/208231.BD.1/cc001001.jpe,http://www.beazley.ox.ac.uk/record/E0A3EE28-AB97-4D2A-8100-C46FA3CADEE6
75714943-15AC-46EC-B645-F6432A241522,dog_keyword,https://www.carc.ox.ac.uk/Vases/SPIFF/Images100/001204/300427.A/cc001001.jpe,http://www.beazley.ox.ac.uk/record/D66F7500-74EE-42AB-ACA4-7737C90A8D0C
8371A791-5483-495E-BF2B-EA96642FECF6,dog_keyword,https://www.carc.ox.ac.uk/Vases/SPIFF/Images200/F12/CVA.F12.507.6/cc001001.jpe,http://www.beazley.ox.ac.uk/record/872134C7-03BC-4D74-9B4D-DB66256B1B32
3761CE23-94FA-4BBF-950A-3E6CEC8D8E87,dog_keyword,https://www.carc.ox.ac.uk/Vases/SPIFF/Images200/F12/CVA.F12.508.2/cc001001.jpe,http://www.beazley.ox.ac.uk/record/DAD19744-34BC-406D-AB70-DA2711A4F4E0
A1F49B6D-FD9D-48DC-B4E2-764AB1BC8976,dog_keyword,https://www.carc.ox.ac.uk/Vases/SPIFF/Images100/001204/300620.A2/cc001001.jpe,http://www.beazley.ox.ac.uk/record/3588B753-30DB-4277-9A0C-CC00A68A2BC9
F8341A99-91C6-46E8-9D46-D34D8ADDC094,dog_keyword,https://www.carc.ox.ac.uk/Vases/SPIFF/Images100/001124/300757.A/cc001001.jpe,http://www.beazley.ox.ac.uk/record/29D6DA9E-A732-4573-A1A6-F6584B3AE782
CE4EBE9F-B01D-455D-9D7C-43313A3B5FE8,dog_keyword,https://www.carc.ox.ac.uk/Vases/SPIFF/Images200/GER44/CVA.GER44.2133.1/cc001001.jpe,http://www.beazley.ox.ac.uk/record/C8C38E37-D1D1-4514-BF23-7ED5A5D3FFFD
55A54EDB-1DE0-423E-A34B-63BA74240404,dog_keyword,https://www.carc.ox.ac.uk/Vases/SPIFF/Images100/001124/300822.FR/cc001001.jpe,http://www.beazley.ox.ac.uk/record/10BAAB6C-D7F4-44AF-8350-9BD836F85D71
87D87844-C57F-40D1-8944-B5FDFC7ADBDD,dog_keyword,https://www.carc.ox.ac.uk/Vases/SPIFF/Images100/001124/300851/cc001001.jpe,http://www.beazley.ox.ac.uk/record/14BEE44C-D8ED-45D2-A8F4-C34B06B1B302
65934E0A-0A3F-4E5F-BA01-9F3F62F11AA1,dog_keyword,https://www.carc.ox.ac.uk/Vases/SPIFF/Images100/001211/301036.A/cc001001.jpe,http://www.beazley.ox.ac.uk/record/AE54820B-EB72-43FB-A0C0-3C3BCFC92B39
5A44B326-09EF-4428-A9D8-8F693D488E23,dog_keyword,https://www.carc.ox.ac.uk/Vases/SPIFF/Images100/001211/301042.A/cc001001.jpe,http://www.beazley.ox.ac.uk/record/7E5B5643-E720-4203-B420-43362A559B73
D16C250E-0FED-4C9E-A16C-3D3ED2F41D7A,dog_keyword,https://www.carc.ox.ac.uk/Vases/SPIFF/Images100/001211/301051.A/cc001001.jpe,http://www.beazley.ox.ac.uk/record/E0FBF6C8-9BC8-4D2B-9476-F06EE1EFB39B
42E2EDB2-E05B-4AE6-BD3F-2FA99761A291,dog_keyword,https://www.carc.ox.ac.uk/Vases/SPIFF/Images100/010115/301086.A/cc001001.jpe,http://www.beazley.ox.ac.uk/record/3FA93878-B594-42B2-A2A6-42D87DAA47AC
33189848-D447-4D89-85A9-6E4848A7D72F,dog_keyword,https://www.carc.ox.ac.uk/Vases/SPIFF/Images100/010227/301145.S/cc001001.jpe,http://www.beazley.ox.ac.uk/record/062FA444-ECD1-4CCB-94BA-4C8FCFB9C6F0
5584B2D4-8571-4702-9554-D85565A85C1A,dog_keyword,https://www.carc.ox.ac.uk/Vases/SPIFF/Images100/010227/301203.I/cc001001.jpe,http://www.beazley.ox.ac.uk/record/4845A9A7-664F-4F22-B0D2-853D2D2C913D
06579322-1512-407D-A399-B2D51377A612,dog_keyword,https://www.carc.ox.ac.uk/Vases/SPIFF/Images200/010321/301290.AB2/cc001001.jpe,http://www.beazley.ox.ac.uk/record/4145B34A-1927-4D36-A288-58588CF0F119
E6BEAAEC-2516-46C2-BA9D-F11FA5BCE444,dog_keyword,https://www.carc.ox.ac.uk/Vases/SPIFF/Images200/010321/301313.B/cc001001.jpe,http://www.beazley.ox.ac.uk/record/2F00D7F9-FE81-4862-9533-43E09A012062
B8067B7F-1003-4C70-B4D4-68DEA59B43DF,dog_keyword,https://www.carc.ox.ac.uk/Vases/SPIFF/Images200/GER24/CVA.GER24.1151.1/cc001001.jpe,http://www.beazley.ox.ac.uk/record/08507894-8A42-4E60-B698-C78156DBB949
12DB3FE1-AB53-4E23-807A-AA31318EEAB5,dog_keyword,https://www.carc.ox.ac.uk/Vases/SPIFF/Images200/010321/301357.A/cc001001.jpe,http://www.beazley.ox.ac.uk/record/0F759AC9-5012-4638-8C68-7C21996B3175
2CABD007-427E-47AA-87F4-A0FB7E695E9D,dog_keyword,https://www.carc.ox.ac.uk/Vases/SPIFF/Images200/010321/301358.A2/cc001001.jpe,http://www.beazley.ox.ac.uk/record/3B03D4CA-736A-433B-81F7-402ED4E80081
2FFFFA81-C863-4347-978E-5E1CAF38DD98,dog_keyword,https://www.carc.ox.ac.uk/Vases/SPIFF/Images200/F04/CVA.F04.151.6/cc001001.jpe,http://www.beazley.ox.ac.uk/record/3D48A818-4285-41D5-9818-21F69E7CBB15
F321169E-9086-49D1-8A71-D5066550FD7D,dog_keyword,https://www.carc.ox.ac.uk/Vases/SPIFF/Images200/010321/301362.A/cc001001.jpe,http://www.beazley.ox.ac.uk/record/45FCEA2B-B1F6-4400-BDBB-73AD2BB70786
177372ED-150E-45C3-8A4B-4BE19AB6E8CE,dog_keyword,https://www.carc.ox.ac.uk/Vases/SPIFF/Images200/010321/301390.FR/cc001001.jpe,http://www.beazley.ox.ac.uk/record/B27FE1A9-800E-487B-8853-1856E1F96E84
D6FCFA1D-266F-401F-BD43-BB3AD919DA2B,dog_keyword,https://www.carc.ox.ac.uk/Vases/SPIFF/Images200/F07/CVA.F07.329.7/cc001001.jpe,http://www.beazley.ox.ac.uk/record/C23A5718-355F-4651-9A53-51F120E73468
F4050735-C7D0-42FA-B043-38F22EEA1A0B,dog_keyword,https://www.carc.ox.ac.uk/Vases/SPIFF/Images200/F04/CVA.F04.147.9/cc001001.jpe,http://www.beazley.ox.ac.uk/record/06352B8B-8C70-4E52-8A4B-C13CB4165FAB
22713104-C284-4DC3-888B-1372DC32D830,dog_keyword,https://www.carc.ox.ac.uk/Vases/SPIFF/Images200/GER03/CVA.GER03.123.1/cc001001.jpe,http://www.beazley.ox.ac.uk/record/64C4F54D-81DB-4665-81E8-2FCAE2CD314A
C359FA68-8AF1-4696-8D67-D130411F66BC,dog_keyword,https://www.carc.ox.ac.uk/Vases/SPIFF/Images200/GER03/CVA.GER03.101.4/cc001001.jpe,http://www.beazley.ox.ac.uk/record/6A8D499B-A575-461F-8CF2-0ADAC8E1B69C
60B96857-EE86-4E9F-8EE7-38DCB247D593,dog_keyword,https://www.carc.ox.ac.uk/Vases/SPIFF/Images200/GER03/CVA.GER03.122.2/cc001001.jpe,http://www.beazley.ox.ac.uk/record/72672174-40D7-46DF-A3BF-2DB89C31C182
4E6273BF-E6FF-4CD7-9BA0-09F752F799FF,dog_keyword,https://www.carc.ox.ac.uk/Vases/SPIFF/Images200/IT17/CVA.IT17.808.4/cc001001.jpe,http://www.beazley.ox.ac.uk/record/E8AE025E-98E7-4823-9C59-A5E73257CD1A
7B6BEBA2-8AEC-4D98-B6E4-A1E2B3EF77BB,dog_keyword,https://www.carc.ox.ac.uk/Vases/SPIFF/Images200/010516/301490.A/cc001001.jpe,http://www.beazley.ox.ac.uk/record/E686CDAB-7948-4993-B436-47EC04237C37
2DEBBFE4-2C07-4A65-B703-14C555A0F086,dog_keyword,https://www.carc.ox.ac.uk/Vases/SPIFF/Images200/010516/301535.A/cc001001.jpe,http://www.beazley.ox.ac.uk/record/083F0167-DB5F-410E-BE3E-16E56127C400
CC12BA80-A890-4C6C-BFBC-706BB2613C27,dog_keyword,https://www.carc.ox.ac.uk/Vases/SPIFF/Images200/010516/301573.A/cc001001.jpe,http://www.beazley.ox.ac.uk/record/01392F8F-15CC-4DC8-A015-810370CBA31B
546B60C8-AC39-4C4F-BFD6-2F9EF6724F15,dog_keyword,https://www.carc.ox.ac.uk/Vases/SPIFF/Images200/010516/301596.B.DRAW/cc001001.jpe,http://www.beazley.ox.ac.uk/record/470592A0-12EA-4A4F-871A-36615449F066
E5F1FA5A-1596-444C-883E-9219A0405C14,dog_keyword,https://www.carc.ox.ac.uk/Vases/SPIFF/Images200/010516/301608.BD4/cc001001.jpe,http://www.beazley.ox.ac.uk/record/25FAAFF5-DBD4-49AD-A4A0-CA6D358C5F15
37E85575-7353-4F45-8932-18E6FD1030C1,dog_keyword,https://www.carc.ox.ac.uk/Vases/SPIFF/Images200/010516/301624.AB1/cc001001.jpe,http://www.beazley.ox.ac.uk/record/66735360-01AB-4F94-A041-EE5A55B0E78F
F2A25096-0C65-49CE-A6AF-7E0260FF225D,dog_keyword,https://www.carc.ox.ac.uk/Vases/SPIFF/Images200/010516/301643.B/cc001001.jpe,http://www.beazley.ox.ac.uk/record/DC047BEE-7EAC-4EE2-BFE4-4EA615CAE7E1
D0982377-B0AA-4024-B643-EEA92E295D50,dog_keyword,https://www.carc.ox.ac.uk/Vases/SPIFF/Images200/GER78/CVA.GER78.3993.4/cc001001.jpe,http://www.beazley.ox.ac.uk/record/53EF63EC-0D1E-4254-B994-E08196BF7CF6
1AA3A477-2E6E-4D76-A32B-3869F47605A8,dog_keyword,https://www.carc.ox.ac.uk/Vases/SPIFF/Images200/010707/301756.B/cc001001.jpe,http://www.beazley.ox.ac.uk/record/84395F7C-F51C-4A3C-873E-995A61FD12D9
34578667-FB1C-4F94-84E7-16EAA47424F3,dog_keyword,https://www.carc.ox.ac.uk/Vases/SPIFF/Images200/010707/301765.A(PART)/cc001001.jpe,http://www.beazley.ox.ac.uk/record/9E41D6D2-C2F0-4C21-A119-4D0930DCF68F
9E74FAE9-A853-43EF-8C8C-EA5B437A698E,dog_keyword,https://www.carc.ox.ac.uk/Vases/SPIFF/Images200/GB04/CVA.156.1d/cc001001.jpe,http://www.beazley.ox.ac.uk/record/4C79DC5C-3DC9-4D9F-8539-54EA25E78199
FE7D2347-EB6B-4932-88F7-DC4BC1210C2F,dog_keyword,https://www.carc.ox.ac.uk/Vases/SPIFF/Images200/010707/301785.B/cc001001.jpe,http://www.beazley.ox.ac.uk/record/FB2FCC60-E2A4-4D78-9EF2-8858A138DBDB
0F28D7CE-FC4B-43D5-AE70-79DC864A30E6,dog_keyword,https://www.carc.ox.ac.uk/Vases/SPIFF/Images200/010707/301799.BD1/cc001001.jpe,http://www.beazley.ox.ac.uk/record/6D4E29C3-6B3E-40F3-A2CC-D2CC976431E8
11804C1F-4274-4608-A4C1-3C490E0CAAB0,dog_keyword,https://www.carc.ox.ac.uk/Vases/SPIFF/Images200/GB08/CVA.347.4/cc001001.jpe,http://www.beazley.ox.ac.uk/record/852F68F0-0A04-4387-82AD-9B99CF1EB288
3AAB9663-F640-43AE-8B5A-14AEDE73429E,dog_keyword,https://www.carc.ox.ac.uk/Vases/SPIFF/Images200/F04/CVA.F04.164.6/cc001001.jpe,http://www.beazley.ox.ac.uk/record/5D9C4A14-749F-405B-A126-880616E7BDB4
ACC94A14-5727-48EF-85F7-FFEB85538C31,dog_keyword,https://www.carc.ox.ac.uk/Vases/SPIFF/Images200/GER03/CVA.GER03.134.1/cc001001.jpe,http://www.beazley.ox.ac.uk/record/08F7E7E9-57AE-4627-8BBB-0C84A0CDB6FE
B322C487-BEF1-4B56-ACDD-45756A333DC2,dog_keyword,https://www.carc.ox.ac.uk/Vases/SPIFF/Images200/010707/301847.B/cc001001.jpe,http://www.beazley.ox.ac.uk/record/09C062F7-503D-4620-83BC-7FFFE17471C4
EC171D4B-C928-425B-9769-3527CE1108B0,dog_keyword,https://www.carc.ox.ac.uk/Vases/SPIFF/Images200/IT17/CVA.IT17.814.1/cc001001.jpe,http://www.beazley.ox.ac.uk/record/40F8C13D-0EFC-453D-B389-3472E180180E
1DDAE551-7D1E-491E-B8E8-773D733D36F0,dog_keyword,https://www.carc.ox.ac.uk/Vases/SPIFF/Images200/010813/301887.B/cc001001.jpe,http://www.beazley.ox.ac.uk/record/32A0C7E9-423B-4E10-89C8-AB30F019FDE0
5809634F-E9C8-49F8-84D0-6846E827AF2D,dog_keyword,https://www.carc.ox.ac.uk/Vases/SPIFF/Images200/010813/301894.B/cc001001.jpe,http://www.beazley.ox.ac.uk/record/4ED2308B-5F9D-4EDA-B8E5-68BF208FCB59
837A9F55-627E-4DAB-99FD-60F20900DA33,dog_keyword,https://www.carc.ox.ac.uk/Vases/SPIFF/Images200/GB08/CVA.334.4/cc001001.jpe,http://www.beazley.ox.ac.uk/record/ED702552-B30B-4667-ADDF-CCB4D38F2109
C658C005-45B1-46AB-9055-190DAD81997D,dog_keyword,https://www.carc.ox.ac.uk/Vases/SPIFF/Images200/010813/301907.B/cc001001.jpe,http://www.beazley.ox.ac.uk/record/4ADEBCD6-DE6D-44ED-B7FC-B0848FC5D431
72CDA78C-431E-4A6C-BE2F-DAC0F92BB23D,dog_keyword,https://www.carc.ox.ac.uk/Vases/SPIFF/Images200/010813/301923.A/cc001001.jpe,http://www.beazley.ox.ac.uk/record/05CDC4C7-AC8B-4832-9757-492D151C617E
6A02443E-9BA9-4E9A-B4ED-DDF91D60FA20,dog_keyword,https://www.carc.ox.ac.uk/Vases/SPIFF/Images100/001109/301978.IPH.A/cc001001.jpe,http://www.beazley.ox.ac.uk/record/8774890C-17ED-4EDD-9F86-75C12D6DC905
EA7A5F96-4E98-4623-A95E-240478A88204,dog_keyword,https://www.carc.ox.ac.uk/Vases/SPIFF/Images200/06062016/302002/cc001001.jpe,http://www.beazley.ox.ac.uk/record/F16344E8-EE54-409C-97CE-5D17183D7CB5
0701985C-BFD2-4FC9-9D71-4AE3AA4694CE,dog_keyword,https://www.carc.ox.ac.uk/Vases/SPIFF/Images200/IT42/CVA.IT42.1902.2/cc001001.jpe,http://www.beazley.ox.ac.uk/record/79BF5872-3BC7-4A95-8DBB-0EE2825F3A48
5903BF7D-86A6-461C-9059-FFA870F728D0,dog_keyword,https://www.carc.ox.ac.uk/Vases/SPIFF/Images200/F10/CVA.F10.444.6/cc001001.jpe,http://www.beazley.ox.ac.uk/record/6A49BA5E-88BD-4A64-8458-D11C5AFCFB57
D1C886C7-ADEC-4043-90EE-03019EBAD9C4,dog_keyword,https://www.carc.ox.ac.uk/Vases/SPIFF/Images200/010813/302018.BD.DRAW/cc001001.jpe,http://www.beazley.ox.ac.uk/record/A6E97281-55D5-4685-B665-3C2659D7F4AF
194880A6-FB33-42FE-B022-B51157433EF8,dog_keyword,https://www.carc.ox.ac.uk/Vases/SPIFF/Images200/010813/302029.DRAW/cc001001.jpe,http://www.beazley.ox.ac.uk/record/D3B4BCEB-58D6-4E49-9E59-7C8E6F33FB5D
9F9FB328-8CC3-4875-86CC-040CB4F21B5D,dog_keyword,https://www.carc.ox.ac.uk/Vases/SPIFF/Images200/010813/302032.BD/cc001001.jpe,http://www.beazley.ox.ac.uk/record/5D54378F-6A43-4BAF-BBC5-94D7A1F0ABA2
A8862063-2AE2-4F93-8B1A-A41462060F29,dog_keyword,https://www.carc.ox.ac.uk/Vases/SPIFF/Images200/010813/302036.BD/cc001001.jpe,http://www.beazley.ox.ac.uk/record/F2B6B1F8-627C-44E2-9CB4-D9332191A175
03DAB33A-530C-4101-B443-2A546A19EF09,dog_keyword,https://www.carc.ox.ac.uk/Vases/SPIFF/Images200/F10/CVA.F10.447.2/cc001001.jpe,http://www.beazley.ox.ac.uk/record/50D3B499-479C-40CC-8985-878C281C14C4
8DD9065A-F8B4-4CB7-BAF4-A7058E5CE8E2,dog_keyword,https://www.carc.ox.ac.uk/Vases/SPIFF/Images200/GER17/CVA.GER17.813.1/cc001001.jpe,http://www.beazley.ox.ac.uk/record/B315F026-1592-4375-969A-86BB09C170AC
4CD553AD-2F9C-45B5-9003-48A5E8A8F66C,dog_keyword,https://www.carc.ox.ac.uk/Vases/SPIFF/Images200/GB08/CVA.341.4/cc001001.jpe,http://www.beazley.ox.ac.uk/record/FA34F744-C1B9-426C-A77E-285A615B6CEB
1B9F3EE0-3D7A-48A0-B85D-1B67BC3CFA9C,dog_keyword,https://www.carc.ox.ac.uk/Vases/SPIFF/Images200/GB08/CVA.340.2/cc001001.jpe,http://www.beazley.ox.ac.uk/record/F6D12F61-9496-4A65-A7A7-5C2C1692CA3B
75ACF80D-142C-4868-9719-4E80816BFE4A,dog_keyword,https://www.carc.ox.ac.uk/Vases/SPIFF/Images200/GB14/CVA.655.4/cc001001.jpe,http://www.beazley.ox.ac.uk/record/E3B77E36-2553-4B59-B911-6526B6DB5B8A
1ECB6FEA-E48D-4347-A15B-2EF63A838279,dog_keyword,https://www.carc.ox.ac.uk/Vases/SPIFF/Images200/GB08/CVA.335.3/cc001001.jpe,http://www.beazley.ox.ac.uk/record/5DF3DAC5-5A1F-4CD1-8638-601A12390D69
48E3672C-675B-471C-8BE2-E66D018DDB39,dog_keyword,https://www.carc.ox.ac.uk/Vases/SPIFF/Images200/010813/302069.BD/cc001001.jpe,http://www.beazley.ox.ac.uk/record/DB05B53F-DB88-4175-A005-65EBAA80F313
A96E8069-A699-4AFD-B5EB-4E43250DC979,dog_keyword,https://www.carc.ox.ac.uk/Vases/SPIFF/Images200/010913/302083.B/cc001001.jpe,http://www.beazley.ox.ac.uk/record/9CAFA437-BD6E-4889-A9C8-ED58102DD674
1FA965B8-208D-4E06-86B2-B929CFDC3F3D,dog_keyword,https://www.carc.ox.ac.uk/Vases/SPIFF/Images200/010913/302087.B/cc001001.jpe,http://www.beazley.ox.ac.uk/record/289C83D3-8058-4CE9-BD45-FC81A078544C
729A58B9-8ACC-434A-9003-90FA5BB31C3E,dog_keyword,https://www.carc.ox.ac.uk/Vases/SPIFF/Images200/F04/CVA.F04.161.2/cc001001.jpe,http://www.beazley.ox.ac.uk/record/253B0847-1C2A-478E-B750-5C7A3D1782D3
268DD8D4-CABD-43A9-87A7-8DFBF52653E8,dog_keyword,https://www.carc.ox.ac.uk/Vases/SPIFF/Images200/010913/302121.A2/cc001001.jpe,http://www.beazley.ox.ac.uk/record/24C24F0A-8673-4159-8F6E-080F937CAD81
78F7EE81-D755-4B2B-A3AD-2FF2152B3DE5,dog_keyword,https://www.carc.ox.ac.uk/Vases/SPIFF/Images200/GER94/CVA.GER94.4602.3/cc001001.jpe,http://www.beazley.ox.ac.uk/record/1BD6DD24-B063-42A8-9F9B-2F35D9F1F1FD
1D6F1684-1ABA-49A4-803D-39615BE7BAE8,dog_keyword,https://www.carc.ox.ac.uk/Vases/SPIFF/Images200/FR05/CVA.FR05.215.4/cc001001.jpe,http://www.beazley.ox.ac.uk/record/9F2D68E4-AF2C-414B-B0D7-63DA10620029
763E3B75-3BB1-49C8-A7C3-B919DE3A812B,dog_keyword,https://www.carc.ox.ac.uk/Vases/SPIFF/Images200/IT07/CVA.IT07.312.4/cc001001.jpe,http://www.beazley.ox.ac.uk/record/65CC168C-8CC5-40E4-BEC7-E2C805617FD2
C79AC751-635B-48DD-B1C3-9E586EF6AB59,dog_keyword,https://www.carc.ox.ac.uk/Vases/SPIFF/Images200/010913/302145.A/cc001001.jpe,http://www.beazley.ox.ac.uk/record/100B0072-9838-4A04-8718-64D9A6BDBF3B
4E045CB3-6BDF-4C19-9AE8-B0D5240F8E2A,dog_keyword,https://www.carc.ox.ac.uk/Vases/SPIFF/Images200/GER94/CVA.GER94.4596.4/cc001001.jpe,http://www.beazley.ox.ac.uk/record/096A5291-7F50-4E2F-A9DC-EDEE43D7AD4F
20825819-D70B-4D8E-909E-7834B1D5CC1E,dog_keyword,https://www.carc.ox.ac.uk/Vases/SPIFF/Images200/010913/302182.A/cc001001.jpe,http://www.beazley.ox.ac.uk/record/53C4B50C-139B-4F2E-9483-85FDC1BFB950
CBC9B988-BB5A-4B16-98DF-B6F6E2B02939,dog_keyword,https://www.carc.ox.ac.uk/Vases/SPIFF/Images200/GER48/CVA.GER48.2298.3/cc001001.jpe,http://www.beazley.ox.ac.uk/record/ED34AE4C-1C43-460A-8054-1EB554E75AF4
121F13A1-C863-4B60-94B2-D59363A950B1,dog_keyword,https://www.carc.ox.ac.uk/Vases/SPIFF/Images200/010913/302203.A/cc001001.jpe,http://www.beazley.ox.ac.uk/record/667B46EF-C9F2-4B69-8E7A-1FFCD1DE1CDC
7754C2FC-D612-429C-B863-0AF08A611522,dog_keyword,https://www.carc.ox.ac.uk/Vases/SPIFF/Images200/F08/CVA.F08.352.6/cc001001.jpe,http://www.beazley.ox.ac.uk/record/6EBD7010-2D70-4DF2-B348-CF1755D5E50B
010F0D0C-1B0F-4188-8836-01DCFDD3878B,dog_keyword,https://www.carc.ox.ac.uk/Vases/SPIFF/Images200/010321/302237.A/cc001001.jpe,http://www.beazley.ox.ac.uk/record/9F16EFAA-FE8C-46A2-9E8D-B6887C74FF17
7796775D-C8C0-49A3-892E-F31FBBE9AC96,dog_keyword,https://www.carc.ox.ac.uk/Vases/SPIFF/Images200/GB06/CVA.247.2/cc001001.jpe,http://www.beazley.ox.ac.uk/record/0617782C-5496-42B6-B8B5-DBFC08DD1807
56F5607A-7613-4FD9-BD2F-51B6EAF16112,dog_keyword,https://www.carc.ox.ac.uk/Vases/SPIFF/Images200/GB06/CVA.251.2b/cc001001.jpe,http://www.beazley.ox.ac.uk/record/60B4B9F3-4BC7-4175-8145-418194F59166
5F6D31F5-A2AC-40C9-8A01-17BE8DEF74AD,dog_keyword,https://www.carc.ox.ac.uk/Vases/SPIFF/Images200/010913/302330.FR/cc001001.jpe,http://www.beazley.ox.ac.uk/record/37B097B7-19F6-4856-A7D4-CBBB7F5F30BB
C3C51759-BEFE-44F2-94C3-F51AFC904FED,dog_keyword,https://www.carc.ox.ac.uk/Vases/SPIFF/Images200/010913/302346.BD1/cc001001.jpe,http://www.beazley.ox.ac.uk/record/2E9FE51E-6100-495A-ABA8-CF57487D7973
EF00DB84-44D8-4BCB-AE17-3FF2EFDE3DFF,dog_keyword,https://www.carc.ox.ac.uk/Vases/SPIFF/Images200/IT03/CVA.IT03.135.1/cc001001.jpe,http://www.beazley.ox.ac.uk/record/44CBE7D1-570C-4FAA-A7FA-924560691A9F
E94375DF-791D-49A7-AB33-040E507218B6,dog_keyword,https://www.carc.ox.ac.uk/Vases/SPIFF/Images200/IT03/CVA.IT03.135.2/cc001001.jpe,http://www.beazley.ox.ac.uk/record/E7B19B34-86DF-40EB-BFE1-BC4253C002C5
8EA95663-B201-43B7-B8D6-3DE87E7114F1,dog_keyword,https://www.carc.ox.ac.uk/Vases/SPIFF/Images200/010913/302396.A/cc001001.jpe,http://www.beazley.ox.ac.uk/record/C65CF554-AAAF-4088-B2C9-4E7BF384A654
53885538-22E7-4ADC-A5E0-56A2DFEA74F3,dog_keyword,https://www.carc.ox.ac.uk/Vases/SPIFF/Images100/010227/302569.A/cc001001.jpe,http://www.beazley.ox.ac.uk/record/D67A6196-DBBC-4F22-8A1C-101D60420B9A
5A420944-50A3-4548-962E-3A1D890EEBBE,dog_keyword,https://www.carc.ox.ac.uk/Vases/SPIFF/Images200/GER10/CVA.GER10.476.5/cc001001.jpe,http://www.beazley.ox.ac.uk/record/A779E0D7-5216-4A15-A54A-68FDC0B68B99
BCF00365-ED3E-43B9-9995-78A89A70475D,dog_keyword,https://www.carc.ox.ac.uk/Vases/SPIFF/Images100/010227/302651.UH/cc001001.jpe,http://www.beazley.ox.ac.uk/record/834398C8-88A8-4FFF-91A9-8C8B76754EE0
EBE4EC99-D438-4019-83ED-E9639957DC97,dog_keyword,https://www.carc.ox.ac.uk/Vases/SPIFF/Images100/010227/302666.FRR/cc001001.jpe,http://www.beazley.ox.ac.uk/record/93758B2A-D2E0-4A0E-961D-4D66BA3AA4A9
B9BDA472-4DCB-456C-89F9-27C62117CE17,dog_keyword,https://www.carc.ox.ac.uk/Vases/SPIFF/Images100/010227/302752.B/cc001001.jpe,http://www.beazley.ox.ac.uk/record/B62EC5AB-1D01-4585-8DA4-F1109A523743
9C907507-4708-4C1D-A981-E5590FD74DE0,dog_keyword,https://www.carc.ox.ac.uk/Vases/SPIFF/Images100/010227/302753.AH/cc001001.jpe,http://www.beazley.ox.ac.uk/record/0B1E70EC-5B7E-4EF0-AB26-9C8DA14A952D
5501A266-BDF4-40DE-A196-44DB6C22C990,dog_keyword,https://www.carc.ox.ac.uk/Vases/SPIFF/Images100/010227/302792.S1/cc001001.jpe,http://www.beazley.ox.ac.uk/record/CE0D700C-7C69-42A9-A809-BD9F62ED0E05
33517E14-1BD1-4712-9BE3-F6DF4204FDE1,dog_keyword,https://www.carc.ox.ac.uk/Vases/SPIFF/Images100/010227/302826.A/cc001001.jpe,http://www.beazley.ox.ac.uk/record/B1BEDF5E-5AE2-4FBC-BA1E-F1AE5423DAD4
EE06B06C-F540-4DEA-8924-78CE00C90A12,dog_keyword,https://www.carc.ox.ac.uk/Vases/SPIFF/Images100/010227/302831.A/cc001001.jpe,http://www.beazley.ox.ac.uk/record/0BAD7E53-93F2-414A-B631-299BC751D0EA
CF94DD32-3886-42A8-B4C3-77F51759BA74,dog_keyword,https://www.carc.ox.ac.uk/Vases/SPIFF/Images100/010227/302837/cc001001.jpe,http://www.beazley.ox.ac.uk/record/EF193790-E5EE-4D60-8F39-1FB8A0251384
C3A5A8DC-47E5-409D-9E79-7FDC2CFC8CCE,dog_keyword,https://www.carc.ox.ac.uk/Vases/SPIFF/Images100/010227/302844.B/cc001001.jpe,http://www.beazley.ox.ac.uk/record/3F7F00A8-6208-4D53-A36A-0ACB4ABFF327
8A7C7B3B-7DA7-4C6B-940D-9BA418D99202,dog_keyword,https://www.carc.ox.ac.uk/Vases/SPIFF/Images100/010227/302850.A/cc001001.jpe,http://www.beazley.ox.ac.uk/record/CBA19ECD-FE83-42BE-8CB7-EBFFE64343BB
83EA104F-5B52-4880-88D9-F111B6E426BF,dog_keyword,https://www.carc.ox.ac.uk/Vases/SPIFF/Images200/010913/302859.UH/cc001001.jpe,http://www.beazley.ox.ac.uk/record/34E10B62-5AD6-4B29-922A-BBA57F4577C2
176E0887-130D-45D2-9B24-DDA8377A1A76,dog_keyword,https://www.carc.ox.ac.uk/Vases/SPIFF/Images100/010227/302860.B/cc001001.jpe,http://www.beazley.ox.ac.uk/record/F1600E2C-6D71-4F23-A1FE-B76BBBFA39D7
A00BBBCC-79B8-4E71-81F3-89FA56113FF8,dog_keyword,https://www.carc.ox.ac.uk/Vases/SPIFF/Images200/010913/302872.BD/cc001001.jpe,http://www.beazley.ox.ac.uk/record/B41D6F3E-03EC-418A-8A7F-E51A5F4A46AD
EB952A79-6498-4067-8D63-3A2C9FA13E95,dog_keyword,https://www.carc.ox.ac.uk/Vases/SPIFF/Images200/010913/302887.A/cc001001.jpe,http://www.beazley.ox.ac.uk/record/46D30A4A-0EAC-45C4-8269-BDB9801AA122
B25ECBBD-C818-4609-8434-C6B9627960EC,dog_keyword,https://www.carc.ox.ac.uk/Vases/SPIFF/Images200/010913/302889.B/cc001001.jpe,http://www.beazley.ox.ac.uk/record/FBC8E931-B467-47FE-926C-4C57411CC1F7
D59D2EF2-65C2-47EF-8E39-55F9DE51177A,dog_keyword,https://www.carc.ox.ac.uk/Vases/SPIFF/Images200/010913/302893.S/cc001001.jpe,http://www.beazley.ox.ac.uk/record/90D0D6EF-C924-4AEE-9F65-36D94CB4C88D
1D583E22-C553-4CB5-AC90-888F7F1AF6AF,dog_keyword,https://www.carc.ox.ac.uk/Vases/SPIFF/Images200/010913/302910.A/cc001001.jpe,http://www.beazley.ox.ac.uk/record/CBC39B21-2862-472A-BCEC-68FF084707D5
8B4436A6-B19D-44BC-91B9-175E09497D9E,dog_keyword,https://www.carc.ox.ac.uk/Vases/SPIFF/Images200/FR05/CVA.FR05.215.6/cc001001.jpe,http://www.beazley.ox.ac.uk/record/29771556-8EB2-4C75-8551-ADE64ADEE857
4146EBD2-DF3B-49A9-B1A0-0504719C870D,dog_keyword,https://www.carc.ox.ac.uk/Vases/SPIFF/Images200/010913/302923.B/cc001001.jpe,http://www.beazley.ox.ac.uk/record/88C9E580-2FB7-4997-9A42-C93005629FE6
2A433221-0254-4E39-BC26-1C888FAAFCA4,dog_keyword,https://www.carc.ox.ac.uk/Vases/SPIFF/Images200/011012/302996.A/cc001001.jpe,http://www.beazley.ox.ac.uk/record/E114B41E-44B2-4956-A7A8-EFB261CD1411
1E9DA369-C826-4922-B2CE-AE2DF19A599E,dog_keyword,https://www.carc.ox.ac.uk/Vases/SPIFF/Images200/011012/302999.BD/cc001001.jpe,http://www.beazley.ox.ac.uk/record/6D7B15B4-77F5-4B27-A322-9A26A8224B91
851F9790-7B4A-464D-9927-DE9A14CCB837,dog_keyword,https://www.carc.ox.ac.uk/Vases/SPIFF/Images200/011012/303002.BD/cc001001.jpe,http://www.beazley.ox.ac.uk/record/53881875-969C-461B-BC99-E126939E585F
84C4D867-5C17-43C8-97D4-958B44E129CC,dog_keyword,https://www.carc.ox.ac.uk/Vases/SPIFF/Images200/011012/303029.A/cc001001.jpe,http://www.beazley.ox.ac.uk/record/70D950A2-BAC6-44FA-B888-27ADC252DC8E
0183ABA7-7E93-4023-A0BC-5E7A858F8D2F,dog_keyword,https://www.carc.ox.ac.uk/Vases/SPIFF/Images200/011012/303058.B/cc001001.jpe,http://www.beazley.ox.ac.uk/record/FB218170-312F-4CFC-AD66-2652D0E77366
26AFBDF6-B20D-4BFC-87C7-B3379E1509F5,dog_keyword,https://www.carc.ox.ac.uk/Vases/SPIFF/Images200/011012/303180.A.PART/cc001001.jpe,http://www.beazley.ox.ac.uk/record/B6BE9526-9AF2-4AEC-9914-3DB9D29A1658
1942572A-1B05-4C58-899F-CE5BAFB9FF46,dog_keyword,https://www.carc.ox.ac.uk/Vases/SPIFF/Images200/DEN03/CVA.DEN03.124.1/cc001001.jpe,http://www.beazley.ox.ac.uk/record/2D6A125A-F1EA-4C1F-9ED6-CB20C9D588F8
5D6C296B-9A44-4E39-875D-DA3DE3CE6C4C,dog_keyword,https://www.carc.ox.ac.uk/Vases/SPIFF/Images200/011012/303343.BD/cc001001.jpe,http://www.beazley.ox.ac.uk/record/57254500-191D-4C40-B0BF-815956644187
51293E8A-035E-47F7-8565-1E598D6ACAD1,dog_keyword,https://www.carc.ox.ac.uk/Vases/SPIFF/Images200/IT48/CVA.IT48.2133.7/cc001001.jpe,http://www.beazley.ox.ac.uk/record/3AE957B7-78A0-4FB0-8116-64712E4A8E0F
AE1EDC08-5FD5-41B4-A11F-C71749A0106F,dog_keyword,https://www.carc.ox.ac.uk/Vases/SPIFF/Images200/GB15/CVA.GB15.670.4/cc001001.jpe,http://www.beazley.ox.ac.uk/record/DC17F7D0-5A1B-4008-B297-113666B41D39
D7FD6C3A-277A-4FD6-91B3-DFEB55E5ED44,dog_keyword,https://www.carc.ox.ac.uk/Vases/SPIFF/Images200/USA18/CVA.USA18.851.4/cc001001.jpe,http://www.beazley.ox.ac.uk/record/FC76C5BD-7982-4CD0-AD46-646F72F1F47A
3AE3A46C-6B37-46DD-82F4-97A2F966281D,dog_keyword,https://www.carc.ox.ac.uk/Vases/SPIFF/Images200/USA16/CVA.USA16.779.6/cc001001.jpe,http://www.beazley.ox.ac.uk/record/19920386-26ED-4085-972C-E0DE87363F07
69DB29A4-A7A4-40F3-B75B-1131811530B3,dog_keyword,https://www.carc.ox.ac.uk/Vases/SPIFF/Images200/GER48/CVA.GER48.2328.2/cc001001.jpe,http://www.beazley.ox.ac.uk/record/78946389-19D6-4D67-8463-70997712FCDB
F6449183-EB5C-4DDB-88A2-AAC400E47632,dog_keyword,https://www.carc.ox.ac.uk/Vases/SPIFF/Images100/001204/305081.FRR/cc001001.jpe,http://www.beazley.ox.ac.uk/record/9F721492-34F7-421F-9A38-AC167BA9A416
4B0C7A4A-A21D-4FF4-94CF-CC3C11244E84,dog_keyword,https://www.carc.ox.ac.uk/Vases/SPIFF/Images100/Giessen/305499.bd1/cc001001.jpe,http://www.beazley.ox.ac.uk/record/700963AF-5546-4F53-85CC-0464F0A18E86
ABEDEDA5-2C34-4792-AC6B-BB9138606A53,dog_keyword,https://www.carc.ox.ac.uk/Vases/SPIFF/Images200/USA08/CVA.USA08.393.1C/cc001001.jpe,http://www.beazley.ox.ac.uk/record/10982C3F-CAB5-4F7C-99F3-3E82E07EE8D5
35B8344B-A324-472E-98B0-EF8F5E86C5D7,dog_keyword,https://www.carc.ox.ac.uk/Vases/SPIFF/Images200/ABV210toX1/305505.BD1/cc001001.jpe,http://www.beazley.ox.ac.uk/record/E10DDD11-050C-4352-A563-04DBAA29F14D
AF04EB5A-C607-4F9D-AEB3-F47DD9862277,dog_keyword,https://www.carc.ox.ac.uk/Vases/SPIFF/Images200/SP01/CVA.SP01.40.2/cc001001.jpe,http://www.beazley.ox.ac.uk/record/441073E8-A2FA-404F-A00E-36BC098E39A9
A09137A3-4591-44E3-8D59-745CB8122B4C,dog_keyword,https://www.carc.ox.ac.uk/Vases/SPIFF/Images200/20012015/305535.1/cc001001.jpe,http://www.beazley.ox.ac.uk/record/14B161A9-99ED-410A-A869-EF3923544E68
A6001E49-C406-4F21-8FFE-10417D838ED5,dog_keyword,https://www.carc.ox.ac.uk/Vases/SPIFF//Images200/020121/305547.BD/cc001001.jpe,http://www.beazley.ox.ac.uk/record/59D4C25D-52A5-44D4-83D2-9FE92B9609E6
89DDC73C-5CD6-4C67-BE8C-494F881603D1,dog_keyword,https://www.carc.ox.ac.uk/Vases/SPIFF/Images200/IT07/CVA.IT07.335.1/cc001001.jpe,http://www.beazley.ox.ac.uk/record/294FC7C1-FF7D-47B8-B014-E4825829D6EA
15ED1913-2049-4D67-A96B-E6E12B70D116,dog_keyword,https://www.carc.ox.ac.uk/Vases/SPIFF/Images200/USA04/CVA.USA04.170.1/cc001001.jpe,http://www.beazley.ox.ac.uk/record/ADD31046-3543-4ACC-8C37-4C94E5C6D179
6211FD3F-0055-4A2A-9107-3DCC8406526C,dog_keyword,https://www.carc.ox.ac.uk/Vases/SPIFF/Images200/GER49/CVA.GER49.2401.1/cc001001.jpe,http://www.beazley.ox.ac.uk/record/626B3C7E-E682-4648-8E6D-D1ED3F5001CC
D98E6710-8AFE-4231-9EEC-468D760A156F,dog_keyword,https://www.carc.ox.ac.uk/Vases/SPIFF/Images200/ABV175to209/305627.BD/cc001001.jpe,http://www.beazley.ox.ac.uk/record/9C50E58A-427E-4129-A3C3-1A2835350CE3
91AAEF5E-C17E-4BD0-836C-477890F96180,dog_keyword,https://www.carc.ox.ac.uk/Vases/SPIFF/Images200/GER65/CVA.GER65.3239.5/cc001001.jpe,http://www.beazley.ox.ac.uk/record/74AB61BC-70C6-404C-A05E-7F90C8F02F00
03627D26-0E3C-4E29-9711-6178C4A09025,dog_keyword,https://www.carc.ox.ac.uk/Vases/SPIFF/Images200/IT36/CVA.IT36.1632.4/cc001001.jpe,http://www.beazley.ox.ac.uk/record/8A4A2F34-8B0D-423D-9DEF-0BBE2AC654CA
8A3C5AEA-1B14-48AE-AB62-B8F8BDB8252D,dog_keyword,https://www.carc.ox.ac.uk/Vases/SPIFF/Images200/ABV175to209/305644.BD/cc001001.jpe,http://www.beazley.ox.ac.uk/record/8C2FAC84-51C2-4F34-B091-607AACD611FC
F46F4678-0C3B-4E6B-A4A4-F0088AE0754D,dog_keyword,https://www.carc.ox.ac.uk/Vases/SPIFF/Images200/ABV175to209/305913.A/cc001001.jpe,http://www.beazley.ox.ac.uk/record/9A257E1F-F659-41CA-BF62-A4AE44C9501B
0C5348EC-C0F3-4BD4-8566-074721AFE10A,dog_keyword,https://www.carc.ox.ac.uk/Vases/SPIFF/Images200/ABV175to209/305971.A/cc001001.jpe,http://www.beazley.ox.ac.uk/record/8045835C-BF4B-40E9-9D85-4251D775D737
862D5D49-5021-47DC-8CAF-407ED42BF787,dog_keyword,https://www.carc.ox.ac.uk/Vases/SPIFF/Images200/IT09/CVA.IT09.440.1/cc001001.jpe,http://www.beazley.ox.ac.uk/record/869E9065-BC2B-490E-BE95-0F1EBA8E16E1
8F0E3AE4-4B23-4507-9D89-F6FB97F32B8D,dog_keyword,https://www.carc.ox.ac.uk/Vases/SPIFF/Images200/IT03/CVA.IT03.132.2/cc001001.jpe,http://www.beazley.ox.ac.uk/record/DEDEF377-CB67-49E3-AD7A-9C14848F9488
1A5EC2C8-9D74-4614-B737-F8B6E966EFA6,dog_keyword,https://www.carc.ox.ac.uk/Vases/SPIFF/Images200/IT03/CVA.IT03.131.2/cc001001.jpe,http://www.beazley.ox.ac.uk/record/459D74E1-EFF9-497A-B805-81D43184B21C
63DFF2C2-444F-4D79-B567-533996DAC427,dog_keyword,https://www.carc.ox.ac.uk/Vases/SPIFF/Images200/IT03/CVA.IT03.132.6/cc001001.jpe,http://www.beazley.ox.ac.uk/record/B985EB00-5EEE-4B5E-8449-A1AC47A1DE8E
32146F06-6604-4E67-86C7-7BC7900DCFCC,dog_keyword,https://www.carc.ox.ac.uk/Vases/SPIFF/Images200/NL01/CVA.NL01.029.2/cc001001.jpe,http://www.beazley.ox.ac.uk/record/7DE0A122-505D-4364-9554-8BF6ACFFFF96
C5A286A3-B382-4F42-92D4-00B87D6FBB38,dog_keyword,https://www.carc.ox.ac.uk/Vases/SPIFF/Images200/IT03/CVA.IT03.124.6/cc001001.jpe,http://www.beazley.ox.ac.uk/record/C9BC061C-160A-4477-A4CC-451F8335D792
0F1EFFAB-A6CD-48F7-ADA7-299F6D2503D7,dog_keyword,https://www.carc.ox.ac.uk/Vases/SPIFF/Images100/001211/306541/cc001001.jpe,http://www.beazley.ox.ac.uk/record/A3BFED68-20F4-4130-BBE8-B8BFAA6B6F7D
68B8C875-3613-4FA3-85B9-459D5E6D9856,dog_keyword,https://www.carc.ox.ac.uk/Vases/SPIFF/Images200/IT23/CVA.IT23.1066.1/cc001001.jpe,http://www.beazley.ox.ac.uk/record/4D88E017-EDCB-431E-A366-0642D4E2B6F0
76B3A540-D953-430D-B498-C265E054DD8F,dog_keyword,https://www.carc.ox.ac.uk/Vases/SPIFF/Images200/010913/306622.BD1/cc001001.jpe,http://www.beazley.ox.ac.uk/record/96C8E5D5-33F2-4CF4-9B2B-7218B111678F
2BB74DBC-50AE-4969-8A7A-075BA75E056A,dog_keyword,https://www.carc.ox.ac.uk/Vases/SPIFF/Images200/010913/306630.A/cc001001.jpe,http://www.beazley.ox.ac.uk/record/75B0EA12-C826-4D97-BFA6-1D60F68A99CD
A78604C1-25D9-412F-B275-D17DF525DF74,dog_keyword,https://www.carc.ox.ac.uk/Vases/SPIFF/Images200/GER10/CVA.GER10.473.4/cc001001.jpe,http://www.beazley.ox.ac.uk/record/7A2FAF42-EC68-471C-9E9A-A0358C424128
37C5103E-AB78-4CF7-B6A8-B5004B693432,dog_keyword,https://www.carc.ox.ac.uk/Vases/SPIFF/Images200/ABV210toX1/306697.BD1/cc001001.jpe,http://www.beazley.ox.ac.uk/record/D8654132-4623-4646-B2AF-A0E2BE5D2AA7
E3E18D4A-AA3F-4FC5-BE2D-B138F7AC7BC6,dog_keyword,https://www.carc.ox.ac.uk/Vases/SPIFF/Images200/F20/CVA.F20.884.2/cc001001.jpe,http://www.beazley.ox.ac.uk/record/8D0FDBC0-7CD7-4C86-9CDF-4FAE9056C35B
5241C89D-3AB2-45FB-A071-B66582C369DD,dog_keyword,https://www.carc.ox.ac.uk/Vases/SPIFF/Images200/USA08/CVA.USA08.391.4B/cc001001.jpe,http://www.beazley.ox.ac.uk/record/C285A796-81C4-4D6D-8534-0AB245110910
F341DC02-6BC6-4B42-89B1-633B3F0654F4,dog_keyword,https://www.carc.ox.ac.uk/Vases/SPIFF//Images200/020121/306786.BD/cc001001.jpe,http://www.beazley.ox.ac.uk/record/45F4FE80-6859-4FEF-BA82-CC88AF147380
B3148733-1B8D-43C4-A5E6-D69D1CEADD7B,dog_keyword,https://www.carc.ox.ac.uk/Vases/SPIFF/Images200/F20/CVA.F20.882.6/cc001001.jpe,http://www.beazley.ox.ac.uk/record/5C1FC713-3934-4427-9224-B50C19BBA2D7
5888FD44-1A98-4062-B867-0B673F82C925,dog_keyword,https://www.carc.ox.ac.uk/Vases/SPIFF/Images200/ABV175to209/306813.BD/cc001001.jpe,http://www.beazley.ox.ac.uk/record/7C58E35B-F933-4301-AFFA-FFE2A8142087
F16C330D-3BA5-4B47-8814-70C4E0AF025C,dog_keyword,https://www.carc.ox.ac.uk/Vases/SPIFF/Images200/010502/306986.A/cc001001.jpe,http://www.beazley.ox.ac.uk/record/C9AA05A3-C2DF-4471-86A2-EBA4138FE92B
22422DBB-B100-4A1B-910A-D9437A1A637A,dog_keyword,https://www.carc.ox.ac.uk/Vases/SPIFF/Images200/ABV1/307000.BD1/cc001001.jpe,http://www.beazley.ox.ac.uk/record/2C00C69A-3DDA-4F22-8185-22BC23456C39
1B1B82A2-DA9E-4138-8C23-1392DEDF312A,dog_keyword,https://www.carc.ox.ac.uk/Vases/SPIFF//Images200/020121/307007.BD3/cc001001.jpe,http://www.beazley.ox.ac.uk/record/C05FAD08-30EE-45FA-89DD-19700151173E
569C5053-74D7-47BD-9E57-24C27E0479B2,dog_keyword,https://www.carc.ox.ac.uk/Vases/SPIFF/Images200/GER45/CVA.GER45.2160.2/cc001001.jpe,http://www.beazley.ox.ac.uk/record/348EED8C-2919-4AA7-8C82-BD75FF6213C5
55AFDC9E-3980-4B9E-8074-9C37218CD98C,dog_keyword,https://www.carc.ox.ac.uk/Vases/SPIFF/Images100/001124/310063.A/cc001001.jpe,http://www.beazley.ox.ac.uk/record/E4D6AE68-92BE-4731-A407-600D24D61426
67A7EB9F-2EA9-4539-939C-E013A83E2E81,dog_keyword,https://www.carc.ox.ac.uk/Vases/SPIFF/Images100/001204/310128.A/cc001001.jpe,http://www.beazley.ox.ac.uk/record/6CF3C015-6639-489B-AAC3-A5C10B35D9D8
23E3D8A9-757A-462F-8D34-77F80BF0BDB6,dog_keyword,https://www.carc.ox.ac.uk/Vases/SPIFF/Images100/001211/310154.A/cc001001.jpe,http://www.beazley.ox.ac.uk/record/C9E65648-0BD2-43A4-A486-DB9727058A11
A8776586-C1DC-4998-BA98-54CF0378156C,dog_keyword,https://www.carc.ox.ac.uk/Vases/SPIFF/Images100/001211/310170.A/cc001001.jpe,http://www.beazley.ox.ac.uk/record/F5AFED9F-3D4E-4223-A9C1-B51517DDA339
F2A46389-C675-4040-9340-B8F8D5698283,dog_keyword,https://www.carc.ox.ac.uk/Vases/SPIFF/Images100/001211/310178.UH1/cc001001.jpe,http://www.beazley.ox.ac.uk/record/1A26F647-10F7-4D69-B829-ED7F0068F7BA
875CC88D-7314-4B83-AF4F-45D1351386B7,dog_keyword,https://www.carc.ox.ac.uk/Vases/SPIFF/Images100/001211/310191.FRR/cc001001.jpe,http://www.beazley.ox.ac.uk/record/D309D2B8-CAB0-4B9A-BD79-C152A2285FA0
74CC80D7-7259-4E0D-8126-7455505F42E1,dog_keyword,https://www.carc.ox.ac.uk/Vases/SPIFF/Images100/001211/310287.FR/cc001001.jpe,http://www.beazley.ox.ac.uk/record/4774FB2D-91F9-45EF-85E0-3234D8EB543E
9129995E-06AC-4C69-A264-81E1CFB51BEE,dog_keyword,https://www.carc.ox.ac.uk/Vases/SPIFF/Images100/001211/310316.B/cc001001.jpe,http://www.beazley.ox.ac.uk/record/4B9246B1-DC20-43D6-B8CF-A396773AFAB9
CBC74D7B-6136-4CBA-BAC7-B467E64D347D,dog_keyword,https://www.carc.ox.ac.uk/Vases/SPIFF/Images100/001211/310322.UH/cc001001.jpe,http://www.beazley.ox.ac.uk/record/F6A7D799-B612-45E2-A9AE-BDF4C7DC5961
03FB829F-A238-435A-9006-A3B6FDEA00D1,dog_keyword,https://www.carc.ox.ac.uk/Vases/SPIFF/Images100/001211/310331.A/cc001001.jpe,http://www.beazley.ox.ac.uk/record/06839FC5-CC8D-4A41-949C-DA9CA86D904B
9C80A45E-C1FF-46F6-BC1A-90E573012570,dog_keyword,https://www.carc.ox.ac.uk/Vases/SPIFF/Images100/001211/310335.A/cc001001.jpe,http://www.beazley.ox.ac.uk/record/960EC6AF-03CE-4001-AB65-B138D50DBFE2
126E154E-2E9D-46BB-949A-942F2FC67502,dog_keyword,https://www.carc.ox.ac.uk/Vases/SPIFF/Images100/001211/310353.A/cc001001.jpe,http://www.beazley.ox.ac.uk/record/3C98ADFF-93FE-4737-A35C-D3FE6E9FEB04
3E34F36F-11F1-4147-9FF8-E968B097BE1C,dog_keyword,https://www.carc.ox.ac.uk/Vases/SPIFF/Images100/010115/310396.A/cc001001.jpe,http://www.beazley.ox.ac.uk/record/5DFA5FFF-B506-4AAD-ACCC-780A81B94FA2
13F16B3F-0466-4BFD-A8AB-12CD6188F65D,dog_keyword,https://www.carc.ox.ac.uk/Vases/SPIFF/Images100/010115/310411.A/cc001001.jpe,http://www.beazley.ox.ac.uk/record/622178EF-9C19-4FBC-B7C9-9C998B231893
7F16E541-12CF-4FC6-A2F9-1E32CD5EBEDA,dog_keyword,https://www.carc.ox.ac.uk/Vases/SPIFF/Images100/010115/310428.B.PART2/cc001001.jpe,http://www.beazley.ox.ac.uk/record/B7C6B083-3EC6-4894-8B51-73FFA904AC03
A4E4A387-52FB-4D49-9B10-FAF37F0E535C,dog_keyword,https://www.carc.ox.ac.uk/Vases/SPIFF/Images100/010115/310430.B/cc001001.jpe,http://www.beazley.ox.ac.uk/record/3563E6A6-44E8-4190-B19A-E916849F2A9B
7B2A15E2-DF80-4EBE-ADEB-996786A83807,dog_keyword,https://www.carc.ox.ac.uk/Vases/SPIFF/Images200/F04/CVA.F04.151.5/cc001001.jpe,http://www.beazley.ox.ac.uk/record/37488037-FB99-468B-A98C-56B28D122B46
E43032D6-CF8A-4132-9234-FC8077DE2FF5,dog_keyword,https://www.carc.ox.ac.uk/Vases/SPIFF/Images200/F04/CVA.F04.155.2/cc001001.jpe,http://www.beazley.ox.ac.uk/record/E11A7BE5-9697-4A94-8CFD-BE2CFCC57CE4
4C08D93E-E248-432A-B72C-A6F852CFAECE,dog_keyword,https://www.carc.ox.ac.uk/Vases/SPIFF/Images100/010115/310437.A/cc001001.jpe,http://www.beazley.ox.ac.uk/record/796465E7-D40B-439D-A0EE-73CB22D91B36
1D186C2E-9DB0-42E5-8B8B-F16F86C55AFD,dog_keyword,https://www.carc.ox.ac.uk/Vases/SPIFF/Images100/010115/310439.A/cc001001.jpe,http://www.beazley.ox.ac.uk/record/F8ABFED0-65FC-4747-8FDE-F58EB3340B17
4321FF4A-9758-4433-A2E0-AF5C073F311D,dog_keyword,https://www.carc.ox.ac.uk/Vases/SPIFF/Images100/010115/310442.BB/cc001001.jpe,http://www.beazley.ox.ac.uk/record/F3F278FF-830B-47F2-9C32-EF5EBD147517
BFBBC489-80ED-4C74-9D6C-6CE3F0305F21,dog_keyword,https://www.carc.ox.ac.uk/Vases/SPIFF/Images100/010115/310450.B1/cc001001.jpe,http://www.beazley.ox.ac.uk/record/168D3FEF-E7AE-458D-9D5B-867902F06AA8
D31235DC-B012-4F9C-936C-20802572BD6C,dog_keyword,https://www.carc.ox.ac.uk/Vases/SPIFF/Images100/010115/310457.2/cc001001.jpe,http://www.beazley.ox.ac.uk/record/838DAE8D-C809-47BB-B0BF-4C6008588B54
9CFAEFA8-EBDB-463F-A993-036ACEE06163,dog_keyword,https://www.carc.ox.ac.uk/Vases/SPIFF/Images100/010115/310458/cc001001.jpe,http://www.beazley.ox.ac.uk/record/BCC17043-7B63-4B25-AD22-BC22CD7606CF
935CBC21-DA26-477E-8622-50B650860938,dog_keyword,https://www.carc.ox.ac.uk/Vases/SPIFF/Images100/010115/310475.BD2/cc001001.jpe,http://www.beazley.ox.ac.uk/record/518507B7-40AC-43DA-BBDC-4099E5341D65
88BBD67F-921F-43B6-A120-53F1F0F2E314,dog_keyword,https://www.carc.ox.ac.uk/Vases/SPIFF/Images100/010115/310515.B/cc001001.jpe,http://www.beazley.ox.ac.uk/record/8FC7DA8D-450E-4719-8BC7-BC3029BC22E4
8F0E3712-CE45-4695-AAE6-4DD8BDB74E9F,dog_keyword,https://www.carc.ox.ac.uk/Vases/SPIFF/Images200/IT35/CVA.IT35.1573.4/cc001001.jpe,http://www.beazley.ox.ac.uk/record/0543A95D-2574-4F16-80AB-209E6B3FF03A
E3713A53-E3CC-4B22-89B0-321DD71E8A8B,dog_keyword,https://www.carc.ox.ac.uk/Vases/SPIFF/Images100/010115/310552.A/cc001001.jpe,http://www.beazley.ox.ac.uk/record/8D383333-2E3D-4210-A919-3FB5EF0FEE57
800402D8-107C-4A7D-B846-E3C120890811,dog_keyword,https://www.carc.ox.ac.uk/Vases/SPIFF/Images100/010115/310554.A1/cc001001.jpe,http://www.beazley.ox.ac.uk/record/9A29ED4B-5A23-4C8B-84C0-FECE5F9B60A6
021CAF5B-D2BF-4066-8286-91957BA4C112,dog_keyword,https://www.carc.ox.ac.uk/Vases/SPIFF/Images200/010502/320044.S/cc001001.jpe,http://www.beazley.ox.ac.uk/record/E9234569-1082-4657-82CF-31A4CACFE1F9
2435793D-CA14-4C22-8D9E-B224473A1A04,dog_keyword,https://www.carc.ox.ac.uk/Vases/SPIFF/Images200/010502/320056/cc001001.jpe,http://www.beazley.ox.ac.uk/record/709C33DE-6BFF-42ED-B566-C7B49373DCAE
C4AEF97E-844D-4284-8F47-EAE0F0A314DA,dog_keyword,https://www.carc.ox.ac.uk/Vases/SPIFF/Images200/010502/320088.A/cc001001.jpe,http://www.beazley.ox.ac.uk/record/5A8A2B1F-4045-49D1-9BA7-EAE4B117DC82
6514DCA5-7D8F-430F-945C-009D03AE2A16,dog_keyword,https://www.carc.ox.ac.uk/Vases/SPIFF/Images200/IT26/CVA.IT26.1187.2/cc001001.jpe,http://www.beazley.ox.ac.uk/record/4A9D1034-72DC-4DEC-929F-2B36E8FD25E1
D40D7911-977F-4782-ACD1-E21CC7DC33E5,dog_keyword,https://www.carc.ox.ac.uk/Vases/SPIFF/Images200/010502/320107.A/cc001001.jpe,http://www.beazley.ox.ac.uk/record/5ACBF8D3-888C-41D0-9F85-51B8BCAE46BC
EBC124BC-33E3-4233-8A26-B218CC6B13ED,dog_keyword,https://www.carc.ox.ac.uk/Vases/SPIFF/Images200/GER37/CVA.GER37.1807.2/cc001001.jpe,http://www.beazley.ox.ac.uk/record/FE266344-6E13-417F-9EF8-2FB3B77602F5
7680B944-52A0-4722-A5B2-6C2B7DF7F05C,dog_keyword,https://www.carc.ox.ac.uk/Vases/SPIFF/Images200/USA18/CVA.USA18.846.4/cc001001.jpe,http://www.beazley.ox.ac.uk/record/80267E2E-8E28-4EA3-9A4B-AE44E25A76EA
863A57B9-4EC3-4493-A39F-204AFB1E8BE4,dog_keyword,https://www.carc.ox.ac.uk/Vases/SPIFF/Images200/GB08/CVA.335.2/cc001001.jpe,http://www.beazley.ox.ac.uk/record/0A65CB1D-36E4-4D61-BF1C-988B59F31768
2D48321B-6F9A-42A1-8B90-6F9C93A53EBE,dog_keyword,https://www.carc.ox.ac.uk/Vases/SPIFF/Images200/010502/320186/cc001001.jpe,http://www.beazley.ox.ac.uk/record/54591CD6-A387-470B-921C-4651F820FA06
E6895ACD-4841-4418-8A3F-1E4CE194AD61,dog_keyword,https://www.carc.ox.ac.uk/Vases/SPIFF/Images200/BEL01/CVA.BEL01.021.2C/cc001001.jpe,http://www.beazley.ox.ac.uk/record/F275EF30-B096-4145-B60B-08D78CB2F6DA
82EBFFF0-DE78-49F1-9DEE-3EF930FE0B14,dog_keyword,https://www.carc.ox.ac.uk/Vases/SPIFF/Images200/010502/320216.A/cc001001.jpe,http://www.beazley.ox.ac.uk/record/7834290B-BE64-4D79-81C7-B93FF8F437BD
434A7616-261F-467D-AF59-3CC77DDF1E65,dog_keyword,https://www.carc.ox.ac.uk/Vases/SPIFF/Images200/010502/320225.BD/cc001001.jpe,http://www.beazley.ox.ac.uk/record/808A8276-30A7-409F-B206-BA709411CFFE
85CDEC25-9D90-4E8F-B13A-277953799D62,dog_keyword,https://www.carc.ox.ac.uk/Vases/SPIFF/Images200/010516/320256.A/cc001001.jpe,http://www.beazley.ox.ac.uk/record/11B82E90-4AC4-4578-822F-C32C76C2E913
F720E196-98FC-4824-9AC1-91574A7609BD,dog_keyword,https://www.carc.ox.ac.uk/Vases/SPIFF/Images200/010516/320258.B(BD)/cc001001.jpe,http://www.beazley.ox.ac.uk/record/C0CEAAF0-E62B-441A-AEBC-BE2805BE47BC
BEA2901F-519B-4A94-9192-ED5F44D3A7FC,dog_keyword,https://www.carc.ox.ac.uk/Vases/SPIFF/Images200/GER37/CVA.GER37.1836.1/cc001001.jpe,http://www.beazley.ox.ac.uk/record/44931D97-7D99-4F04-BBC6-6F9ACA51E60B
73385706-9AB3-4C79-AF87-AE0042826EF6,dog_keyword,https://www.carc.ox.ac.uk/Vases/SPIFF/Images200/GER48/CVA.GER48.2351.1/cc001001.jpe,http://www.beazley.ox.ac.uk/record/3B248D10-88EB-4CD2-9C3B-07A7D83F3D9A
E46113DD-BDAB-48D1-862E-541371ED9166,dog_keyword,https://www.carc.ox.ac.uk/Vases/SPIFF/Images200/IT07/CVA.IT07.316.4/cc001001.jpe,http://www.beazley.ox.ac.uk/record/13F6A131-9E17-4BAC-BABC-6268DB1A3B84
7A485B49-C111-45EA-B667-948160F27DCE,dog_keyword,https://www.carc.ox.ac.uk/Vases/SPIFF/Images200/010516/320307.B/cc001001.jpe,http://www.beazley.ox.ac.uk/record/C9189A7B-E892-4686-B6CA-35ADD21C7207
DC62C36B-2DDF-4DFA-9F94-6A1EADF568E8,dog_keyword,https://www.carc.ox.ac.uk/Vases/SPIFF/Images200/IT07/CVA.IT07.314.4/cc001001.jpe,http://www.beazley.ox.ac.uk/record/219F6DF3-2A7D-48AB-B40A-CDAD04AB003E
31A455D2-70CA-41AD-9BB5-DEA312404452,dog_keyword,https://www.carc.ox.ac.uk/Vases/SPIFF/Images200/010516/320318.UH/cc001001.jpe,http://www.beazley.ox.ac.uk/record/6E23A885-5802-47DB-A420-A2047B98EC38
127C690D-69D1-453F-8918-02A0E6F7964E,dog_keyword,https://www.carc.ox.ac.uk/Vases/SPIFF/Images200/010516/320337.B(BD)/cc001001.jpe,http://www.beazley.ox.ac.uk/record/D538C725-C24B-4FD5-A59D-15F29D86AC2B
E362EE1F-11BB-43C3-8C6E-F25D64417A2E,dog_keyword,https://www.carc.ox.ac.uk/Vases/SPIFF/Images200/010516/320355.1/cc001001.jpe,http://www.beazley.ox.ac.uk/record/2760562C-A674-4DB8-8C19-AFBA49477AE9
9BAFB324-D688-4E30-B3A8-3F1CE9F60814,dog_keyword,https://www.carc.ox.ac.uk/Vases/SPIFF/Images200/010516/320382.A/cc001001.jpe,http://www.beazley.ox.ac.uk/record/2BE68F7F-D071-4501-A1A4-2F03A2815E3D
2D9A56F2-45A8-4772-BED0-59EB95C7A8B3,dog_keyword,https://www.carc.ox.ac.uk/Vases/SPIFF/Images200/010516/320390/cc001001.jpe,http://www.beazley.ox.ac.uk/record/E3D18B63-1B29-48A5-B40C-9848009B1762
E99C8903-79AB-4D19-AA24-FC4F8D400955,dog_keyword,https://www.carc.ox.ac.uk/Vases/SPIFF/Images200/010516/320397.B/cc001001.jpe,http://www.beazley.ox.ac.uk/record/9985297F-679C-4D25-AA30-DFD9308D213A
E945BE61-CA7D-477F-BD3F-E8D71EFF213B,dog_keyword,https://www.carc.ox.ac.uk/Vases/SPIFF/Images200/010516/320414.B/cc001001.jpe,http://www.beazley.ox.ac.uk/record/05921332-D6A9-4DF7-A815-074CB052A4B0
6D85D1B8-D53D-4E6B-86CC-047F24381C66,dog_keyword,https://www.carc.ox.ac.uk/Vases/SPIFF/Images100/001109/320425.IPH.B/cc001001.jpe,http://www.beazley.ox.ac.uk/record/8DAB913D-2498-487F-B59A-FB3B575ACF70
F91B356D-D930-4901-AE4A-D3337858FA06,dog_keyword,https://www.carc.ox.ac.uk/Vases/SPIFF/Images200/011012/320452.BD2/cc001001.jpe,http://www.beazley.ox.ac.uk/record/62DF58B2-CE3A-430B-9AC8-51F60EDEC8E0
055F5C5A-829E-43F3-A69A-3B6C7DA403AA,dog_keyword,https://www.carc.ox.ac.uk/Vases/SPIFF//Images200/020121/330050.BD1/cc001001.jpe,http://www.beazley.ox.ac.uk/record/E8397EE9-7B85-49E9-8CFB-81CD1807D505
03C6EFB8-6F83-44F3-A4BF-8CCCEE66AD6A,dog_keyword,https://www.carc.ox.ac.uk/Vases/SPIFF/491BBD44E0984FC9B8C98CDC7AC6EAE8/cc001001.jpe,http://www.beazley.ox.ac.uk/record/80B0CD9E-CE3F-4279-9505-72413BC6E217
6422D4AC-BA48-4C55-979F-53617B09C8BC,dog_keyword,https://www.carc.ox.ac.uk/Vases/SPIFF/Images200/IT09/CVA.IT09.444.4/cc001001.jpe,http://www.beazley.ox.ac.uk/record/403B1DC3-A2F5-4B33-AD11-F80A0DDF847C
F12B74B1-96F1-41ED-A1B1-4B2FDBB120FC,dog_keyword,https://www.carc.ox.ac.uk/Vases/SPIFF//Images200/020121/330144.BD/cc001001.jpe,http://www.beazley.ox.ac.uk/record/9B6223DA-7474-4FBF-8508-BB6F99D2C527
604CEB5B-08DA-4C04-9279-CB2DF76D61D2,dog_keyword,https://www.carc.ox.ac.uk/Vases/SPIFF//Images200/020121/330151.BD/cc001001.jpe,http://www.beazley.ox.ac.uk/record/3D0D490D-5C86-4C85-A8DB-7CE6C9D6F4E8
1EFAC93B-EC40-4550-8ED3-7CCB8F28399F,dog_keyword,https://www.carc.ox.ac.uk/Vases/SPIFF/Images200/IT09/CVA.IT09.446.2/cc001001.jpe,http://www.beazley.ox.ac.uk/record/522C1B08-E38C-421B-AB0D-DB267DC59057
C1DBA43D-5BC8-4BC0-AF24-1D0D0266A79D,dog_keyword,https://www.carc.ox.ac.uk/Vases/SPIFF/Images200/IT07/CVA.IT07.336.2/cc001001.jpe,http://www.beazley.ox.ac.uk/record/18381FEA-85B7-4A1F-8AB2-C3CA5243F793
F4867A9F-0722-4788-86DD-72FB3CA72691,dog_keyword,https://www.carc.ox.ac.uk/Vases/SPIFF/Images200/IT09/CVA.IT09.443.1/cc001001.jpe,http://www.beazley.ox.ac.uk/record/165F588D-1B0E-4B91-B839-0979B951D6A8
F4461CDA-8202-46C0-998D-15FBF5AA21D4,dog_keyword,https://www.carc.ox.ac.uk/Vases/SPIFF/Images200/IT09/CVA.IT09.445.5/cc001001.jpe,http://www.beazley.ox.ac.uk/record/50067C2B-22ED-4ED0-8BF9-CEE788AC6618
B51F0816-F9E7-402E-9B5F-6C51D29AF962,dog_keyword,https://www.carc.ox.ac.uk/Vases/SPIFF//Images200/020121/330194.FR/cc001001.jpe,http://www.beazley.ox.ac.uk/record/525E335F-34E9-403A-91E4-A5621A580C73
58546C3D-43F3-40B2-A70B-E66DE9ED77CC,dog_keyword,https://www.carc.ox.ac.uk/Vases/SPIFF/Images200/SP01/CVA.SP01.47.6B/cc001001.jpe,http://www.beazley.ox.ac.uk/record/A80A873A-E863-45CE-ADEE-2E6652B982BD
14550FD7-38A9-41E9-9B1C-C6A5838EA246,dog_keyword,https://www.carc.ox.ac.uk/Vases/SPIFF//Images200/020121/330626.BD/cc001001.jpe,http://www.beazley.ox.ac.uk/record/9C6D444A-8AFA-4064-BFFC-58090DD97F27
0C159808-4AAA-4E72-B5CD-54AEE02B27F8,dog_keyword,https://www.carc.ox.ac.uk/Vases/SPIFF/Images200/GER05/CVA.GER05.231.5/cc001001.jpe,http://www.beazley.ox.ac.uk/record/50E0459C-CA30-4267-A0F7-1D8F6E3F44F3
0F3D1BEB-9C6E-45EC-94C0-CDA6C68E46BD,dog_keyword,https://www.carc.ox.ac.uk/Vases/SPIFF/Images200/USA08/CVA.USA08.391.2B/cc001001.jpe,http://www.beazley.ox.ac.uk/record/694F65A0-C18B-49F1-AD0A-3A6359806E89
8232BF69-02EC-4B2B-BC74-0D5235D8996E,dog_keyword,https://www.carc.ox.ac.uk/Vases/SPIFF/Images200/ABV175to209/330748.BD/cc001001.jpe,http://www.beazley.ox.ac.uk/record/0FE0A3CD-E1CB-4CBE-9450-304BB4EA1745
AA5DDF30-C986-4E4C-8932-82B4FFE13102,dog_keyword,https://www.carc.ox.ac.uk/Vases/SPIFF/Images200/IT36/CVA.IT36.1644.2/cc001001.jpe,http://www.beazley.ox.ac.uk/record/30200E54-21A7-43A9-8857-4E499E319A98
2960963D-A244-4FFD-B598-5882AA44F763,dog_keyword,https://www.carc.ox.ac.uk/Vases/SPIFF/Images200/ABV175to209/330781.BD/cc001001.jpe,http://www.beazley.ox.ac.uk/record/C7DF4B13-5882-4EF0-BA0C-ACB582A7E9DA
F002D0FC-C85D-4E26-8702-0DE4D0EE08A1,dog_keyword,https://www.carc.ox.ac.uk/Vases/SPIFF/Images200/IT48/CVA.IT48.2156.3/cc001001.jpe,http://www.beazley.ox.ac.uk/record/70FEF84B-3467-497B-94B4-780AE8E04EFD
2D1681B1-EDB9-41BD-BD7D-AA547F4E5C7E,dog_keyword,https://www.carc.ox.ac.uk/Vases/SPIFF/Images200/SP03/CVA.SP03.113.2B/cc001001.jpe,http://www.beazley.ox.ac.uk/record/7E56745A-1657-4237-B533-E379A56E9DF6
DC7C7D20-E582-4048-A346-CE6CC08925D6,dog_keyword,https://www.carc.ox.ac.uk/Vases/SPIFF/Images200/SP03/CVA.SP03.113.1/cc001001.jpe,http://www.beazley.ox.ac.uk/record/132E62E2-9A6E-4148-A7F3-61A2EBD3B7EA
0685BBF3-D8BC-4228-AF9D-07A4CA14B7CE,dog_keyword,https://www.carc.ox.ac.uk/Vases/SPIFF/Images200/BEL02/CVA.BEL02.060.7B/cc001001.jpe,http://www.beazley.ox.ac.uk/record/5323B1FE-E593-4AA3-A6E1-B9D63BC4CEDB
5B2CC87A-1B52-4417-A9F5-DB022A83B67F,dog_keyword,https://www.carc.ox.ac.uk/Vases/SPIFF/Images200/NL01/CVA.NL01.030.4/cc001001.jpe,http://www.beazley.ox.ac.uk/record/C640F061-FB12-48E2-BF64-833903EEB089
85A64E44-6FDC-4BB2-BCA0-DADF12374DBD,dog_keyword,https://www.carc.ox.ac.uk/Vases/SPIFF/Images200/ABV175to209/331309.B/cc001001.jpe,http://www.beazley.ox.ac.uk/record/3C239BFD-C423-412C-A97F-B5CF83C41AF1
2A92CBC5-5C26-4E53-8FF5-3D6D71A56C5E,dog_keyword,https://www.carc.ox.ac.uk/Vases/SPIFF/Images200/GR04/CVA.GR04.178.2/cc001001.jpe,http://www.beazley.ox.ac.uk/record/6549DC97-0E3D-471E-9017-B968064747F0
D7FC5E62-E859-4A4A-834B-F8E9635D1595,dog_keyword,https://www.carc.ox.ac.uk/Vases/SPIFF/Images200/GER77/CVA.GER77.3886.1/cc001001.jpe,http://www.beazley.ox.ac.uk/record/39056167-1884-457D-A4C1-144542C9AD11
C17128D6-7A00-484B-97BA-88143093522A,dog_keyword,https://www.carc.ox.ac.uk/Vases/SPIFF/Images100/010227/340236.A/cc001001.jpe,http://www.beazley.ox.ac.uk/record/431C77DA-D773-42EE-BB9F-3442E93DC936
5231C617-DF70-4689-AB56-4DB897160F85,dog_keyword,https://www.carc.ox.ac.uk/Vases/SPIFF/Images100/010227/340237.I/cc001001.jpe,http://www.beazley.ox.ac.uk/record/0EB9F869-CF13-4D10-96D4-85AFB6194EFF
66A9A421-A9C5-43AA-A143-3764A8A6478C,dog_keyword,https://www.carc.ox.ac.uk/Vases/SPIFF/Images200/GER77/CVA.GER77.3935.1/cc001001.jpe,http://www.beazley.ox.ac.uk/record/A89ABB4A-1A25-419F-9F22-05D69336F568
F3F9D066-3DEA-4BA1-9F37-1CD38CEC52BB,dog_keyword,https://www.carc.ox.ac.uk/Vases/SPIFF/Images100/010227/340399.2/cc001001.jpe,http://www.beazley.ox.ac.uk/record/8E966E23-7DAA-455A-9EB3-410B36DFEE47
C520B52D-4B62-4103-A9FD-1188F89D720D,dog_keyword,https://www.carc.ox.ac.uk/Vases/SPIFF/Images200/010321/340466.B/cc001001.jpe,http://www.beazley.ox.ac.uk/record/4A807019-201E-41CD-9ADA-79F5F82927A7
E333CA35-86F7-462D-9639-81F1E122098E,dog_keyword,https://www.carc.ox.ac.uk/Vases/SPIFF/Images200/010502/340475.A/cc001001.jpe,http://www.beazley.ox.ac.uk/record/A88FEAD5-FD8F-44F8-A16F-7B082792AFA3
423B86FA-0D97-4934-9361-34337393BFDB,dog_keyword,https://www.carc.ox.ac.uk/Vases/SPIFF/Images200/GER11/CVA.GER11.484.2/cc001001.jpe,http://www.beazley.ox.ac.uk/record/86918C58-40CA-467D-A7E7-39EF6C72E22E
2EBDA43D-2BB3-419D-83D2-7CF34C98BA9F,dog_keyword,https://www.carc.ox.ac.uk/Vases/SPIFF/Images200/010516/340513.B/cc001001.jpe,http://www.beazley.ox.ac.uk/record/75C3A176-06F2-4ED6-B41F-925128C8CC5C
BCEBA15D-FB2A-4388-8CF7-D0388FB43442,dog_keyword,https://www.carc.ox.ac.uk/Vases/SPIFF/Images200/010516/340520.A/cc001001.jpe,http://www.beazley.ox.ac.uk/record/5A19F152-DE39-4F76-9C9F-D5E50D1CF2C7
01C4E659-0F94-46C9-8445-F7C24167F1DC,dog_keyword,https://www.carc.ox.ac.uk/Vases/SPIFF/Images200/010516/340521.B/cc001001.jpe,http://www.beazley.ox.ac.uk/record/62418E93-B0B2-4CB5-AE06-4797C54A01D1
AD05D388-8834-41D7-AD25-165E0B30AA6F,dog_keyword,https://www.carc.ox.ac.uk/Vases/SPIFF/Images200/010516/340558.B/cc001001.jpe,http://www.beazley.ox.ac.uk/record/3E3CA106-D05E-49B0-8122-B9AD3A31973D
0D0A31B2-6AB4-4E08-96B6-ED502B29FC2F,dog_keyword,https://www.carc.ox.ac.uk/Vases/SPIFF/Images200/010516/340572.UH1/cc001001.jpe,http://www.beazley.ox.ac.uk/record/FD980CF5-379C-4136-B88A-3B493A914147
CB9BC460-797D-4C71-BF9F-45FFEAF5BB7D,dog_keyword,https://www.carc.ox.ac.uk/Vases/SPIFF/Images200/ABV1/340763.BD/cc001001.jpe,http://www.beazley.ox.ac.uk/record/D99BD4EB-990A-490F-9ABB-DC43CFD408EC
8CFB0EDB-210F-41D8-AEE7-762091C0A1FB,dog_keyword,https://www.carc.ox.ac.uk/Vases/SPIFF/DDE31E04496D402DA32818A24C74E325/cc001001.jpe,http://www.beazley.ox.ac.uk/record/26C7195B-B472-4F40-AECF-C5AA96D50203
54A0FF88-13E1-4E11-A084-1AEC33374847,dog_keyword,https://www.carc.ox.ac.uk/Vases/SPIFF/Images200/ABV1/340765.BD/cc001001.jpe,http://www.beazley.ox.ac.uk/record/E857B2DC-E735-49FE-B5D5-5396962166FD
A9733938-DE55-4E66-BB1C-EA39517D1440,dog_keyword,https://www.carc.ox.ac.uk/Vases/SPIFF/Images200/ABV1/340826.BD/cc001001.jpe,http://www.beazley.ox.ac.uk/record/5F489EBA-051A-4E19-A6F8-9C556E9B19AF
63B05DC4-136E-4833-BAF4-18C46D6DA428,dog_keyword,https://www.carc.ox.ac.uk/Vases/SPIFF/Images100/001204/350173.A/cc001001.jpe,http://www.beazley.ox.ac.uk/record/23668B18-2D17-4EC5-9CA9-143A962DF6C5
62D5314F-74A1-46A1-BDC1-A59BE258BCDA,dog_keyword,https://www.carc.ox.ac.uk/Vases/SPIFF/Images100/001124/350215.SB/cc001001.jpe,http://www.beazley.ox.ac.uk/record/7F642EB1-05CB-4FA7-9136-F55EF5D970F8
31907670-6860-41EC-84BD-9CD841E40704,dog_keyword,https://www.carc.ox.ac.uk/Vases/SPIFF/Images100/001204/350329.2/cc001001.jpe,http://www.beazley.ox.ac.uk/record/EBD0DA62-0F03-4C9B-9FF2-7DAB4E7C6077
01AD38A1-AF9D-47BB-A75F-62CA11114D25,dog_keyword,https://www.carc.ox.ac.uk/Vases/SPIFF/Images100/001211/350417/cc001001.jpe,http://www.beazley.ox.ac.uk/record/6439C3BF-7E42-420A-8E87-1F2274384509
AC4B59C6-E928-406C-B57E-3CCF1B3F5101,dog_keyword,https://www.carc.ox.ac.uk/Vases/SPIFF/Images200/IT26/CVA.IT26.1174.4/cc001001.jpe,http://www.beazley.ox.ac.uk/record/2B164FBF-C544-4080-9CDA-38C413027A64
A0444277-E896-4E66-8DD1-A0347C8734C2,dog_keyword,https://www.carc.ox.ac.uk/Vases/SPIFF/Images100/010115/350463.B/cc001001.jpe,http://www.beazley.ox.ac.uk/record/10DF7979-4AC0-43C1-8605-8DF7E2897964
9CD50152-7DE5-4C17-B8B2-0FDF0F8B65A0,dog_keyword,https://www.carc.ox.ac.uk/Vases/SPIFF/Images100/010115/350466.A/cc001001.jpe,http://www.beazley.ox.ac.uk/record/0ADB701A-ED49-491D-9558-FB72338E9BD3
6A1922E8-7B5E-44F2-B343-A5C4E783769D,dog_keyword,https://www.carc.ox.ac.uk/Vases/SPIFF/Images100/010115/350483.UH1/cc001001.jpe,http://www.beazley.ox.ac.uk/record/1B460E13-7B87-4396-A70C-5B6CFF883688
3D9CB779-7BF9-484F-9AAC-2405C20DDE63,dog_keyword,https://www.carc.ox.ac.uk/Vases/SPIFF/Images200/F20/CVA.F20.877.2/cc001001.jpe,http://www.beazley.ox.ac.uk/record/7F2E13A5-BA41-43EF-BF8E-F8B98B8624E1
75E2A501-68DD-46A7-B93A-BF8774BF6662,dog_keyword,https://www.carc.ox.ac.uk/Vases/SPIFF/Images200/F19/CVA.F19.851.1/cc001001.jpe,http://www.beazley.ox.ac.uk/record/D38B35CD-C524-4936-A25E-E0409DF21409
22657844-E03A-4E7B-A1E6-CC1E7C342EC5,dog_keyword,https://www.carc.ox.ac.uk/Vases/SPIFF/Images200/010813/351108.A/cc001001.jpe,http://www.beazley.ox.ac.uk/record/69AC8103-D4AA-455E-9211-329DE9534FC3
2B5809CA-2D69-4A5C-A87F-2D61DED37F15,dog_keyword,https://www.carc.ox.ac.uk/Vases/SPIFF/Images200/010813/351177.BD/cc001001.jpe,http://www.beazley.ox.ac.uk/record/F88E1D21-0A70-4AB9-82DE-2C62BBFB5030
500AEBC2-A989-4B4F-9C15-F2BA0FDFB40A,dog_keyword,https://www.carc.ox.ac.uk/Vases/SPIFF/Images200/010813/351199.BD/cc001001.jpe,http://www.beazley.ox.ac.uk/record/6CE24E45-331D-4939-9365-B37E03E68EF4
0D121948-A43D-4A1E-B2E0-FC0DE391152A,dog_keyword,https://www.carc.ox.ac.uk/Vases/SPIFF/Images200/GB08/CVA.349.3/cc001001.jpe,http://www.beazley.ox.ac.uk/record/5C040F2D-C950-4C27-BB4E-BD39F3E2E85E
FDC8FA2C-9DF5-48A5-9C04-9B6B46DDB184,dog_keyword,https://www.carc.ox.ac.uk/Vases/SPIFF/Images100/001204/351210.PARTOFS/cc001001.jpe,http://www.beazley.ox.ac.uk/record/D45757AC-65E5-4B02-A644-2A45D5268266
FC08DF7A-6025-4B4C-B1C8-0D40E2ED4447,dog_keyword,https://www.carc.ox.ac.uk/Vases/SPIFF/Images200/010913/351224.A/cc001001.jpe,http://www.beazley.ox.ac.uk/record/60D2D104-8086-431E-A00E-5D198BC10D3C
63712F8B-B59F-48DB-A1BA-561D24E188A5,dog_keyword,https://www.carc.ox.ac.uk/Vases/SPIFF/Images200/IT36/CVA.IT36.1634.3/cc001001.jpe,http://www.beazley.ox.ac.uk/record/B02A26E9-E009-4AA6-8725-E314F2162A53
4D025B8B-72C5-4DF7-BC5B-F3641CF23635,dog_keyword,https://www.carc.ox.ac.uk/Vases/SPIFF//Images200/020121/351512.BD2/cc001001.jpe,http://www.beazley.ox.ac.uk/record/E7CB5B92-CD6F-4931-BBC1-4B5CB438B09F
8FD2F1FF-B46A-41EA-A737-95EEFBCA7888,dog_keyword,https://www.carc.ox.ac.uk/Vases/SPIFF//Images200/020121/351532.A/cc001001.jpe,http://www.beazley.ox.ac.uk/record/612167C9-6F77-4E04-805A-138B584D255D
2AF20F7F-7919-4F9C-B533-2B4EFCB6EB47,dog_keyword,https://www.carc.ox.ac.uk/Vases/SPIFF/Images200/DEN08/CVA.DEN08.332.2B/cc001001.jpe,http://www.beazley.ox.ac.uk/record/A42CF537-A57B-4319-A096-6450175498FC
2F6CE310-B1B5-45AD-97DB-596C3AFA866B,dog_keyword,https://www.carc.ox.ac.uk/Vases/SPIFF/Images200/ABV175to209/351619.BD1/cc001001.jpe,http://www.beazley.ox.ac.uk/record/827F7BCB-3D89-4905-B7B7-79A7E4CE0487
6156C705-9F97-45EA-8CEB-D92775D26108,dog_keyword,https://www.carc.ox.ac.uk/Vases/SPIFF/Images200/ABV175to209/351621.BD/cc001001.jpe,http://www.beazley.ox.ac.uk/record/492D016F-6752-4033-85AC-0515CE02B2DD
A80090E9-43D4-46DC-AC41-E2333F127B95,dog_keyword,https://www.carc.ox.ac.uk/Vases/SPIFF/Images200/ABV175to209/351622.BD1/cc001001.jpe,http://www.beazley.ox.ac.uk/record/10ACFE3A-A48E-4DF3-991D-A3B6F8FC8673
B5D2977B-BCF2-4ECF-8F0A-B2C6A9297BAC,dog_keyword,https://www.carc.ox.ac.uk/Vases/SPIFF/Images200/IT48/CVA.IT48.2147.2/cc001001.jpe,http://www.beazley.ox.ac.uk/record/5C6B149B-A3FF-4237-9FCF-BEE4A4CE7550
D4B05FBB-EA24-4A00-B875-5FE856132C97,dog_keyword,https://www.carc.ox.ac.uk/Vases/SPIFF/Images200/IT48/CVA.IT48.2148.4/cc001001.jpe,http://www.beazley.ox.ac.uk/record/271912DC-8529-40BA-9236-462214C2EA1A
B0F8E43B-58CC-4107-8143-0B0AE322B5D3,dog_keyword,https://www.carc.ox.ac.uk/Vases/SPIFF/Images200/SWZ04/CVA.SWZ04.198.8/cc001001.jpe,http://www.beazley.ox.ac.uk/record/40EFBB12-D3F1-4986-AC05-48408CB70325
683C5A7C-831C-47F5-97DD-D672F35DEB29,dog_keyword,https://www.carc.ox.ac.uk/Vases/SPIFF/Images200/010516/352238.B/cc001001.jpe,http://www.beazley.ox.ac.uk/record/5BBD0612-BE95-4DE5-87F9-4DC4A1D030D0
ECAB1256-AD41-46CF-9C24-F79E027B3794,dog_keyword,https://www.carc.ox.ac.uk/Vases/SPIFF/Images200/ABV1/360881.FR/cc001001.jpe,http://www.beazley.ox.ac.uk/record/12002A22-2E83-4893-B0EE-211D7BBCE2CF
0866DED7-EAC2-43C0-9626-5656AC7B0439,dog_keyword,https://www.carc.ox.ac.uk/Vases/SPIFF/Images200/ABV175to209/361400.BD1/cc001001.jpe,http://www.beazley.ox.ac.uk/record/9DC210B0-72DC-45AF-97E8-F4026D3B8D0F
123553C4-B7F4-4DA7-BFE8-06556409DE05,dog_keyword,https://www.carc.ox.ac.uk/Vases/SPIFF/Images100/001109/361410.IPH.B/cc001001.jpe,http://www.beazley.ox.ac.uk/record/573BA85C-6151-4CBA-A57B-68B362A0DB38
A42A8D2E-CC8F-4C3A-8BCC-E28F1AD8A148,dog_keyword,https://www.carc.ox.ac.uk/Vases/SPIFF//Images200/020121/361415.BD/cc001001.jpe,http://www.beazley.ox.ac.uk/record/37A5349F-2984-4973-BF7A-998A4BD2C362
BC9B4073-CF63-451B-8CFD-FB9060FC17EA,dog_keyword,https://www.carc.ox.ac.uk/Vases/SPIFF//Images200/020121/361432.BD2/cc001001.jpe,http://www.beazley.ox.ac.uk/record/F8A2A820-FFA5-47F3-9E49-815EC251C956
E599C573-10A2-4F6C-A4BB-E8F79B455B7D,dog_keyword,https://www.carc.ox.ac.uk/Vases/SPIFF//Images200/020121/361436.BD/cc001001.jpe,http://www.beazley.ox.ac.uk/record/BF8F3F40-BF92-4E4A-AE08-F8DE3004215D
B6C752F4-F199-4073-8679-0D4193037CEC,dog_keyword,https://www.carc.ox.ac.uk/Vases/SPIFF/Images200/GER07/CVA.GER07.312.3/cc001001.jpe,http://www.beazley.ox.ac.uk/record/3CA2D650-3369-4A8B-ABB4-6641AE767D8A
CF8DDD4F-C835-40A2-86AD-DB61B636A818,dog_keyword,https://www.carc.ox.ac.uk/Vases/SPIFF//Images200/020121/361487.BD4/cc001001.jpe,http://www.beazley.ox.ac.uk/record/ACB420F9-FDEC-4707-A8DE-104C4A4EF95B
2EBB6650-E388-460D-B3B7-63303FD83890,dog_keyword,https://www.carc.ox.ac.uk/Vases/SPIFF/Images200/GER17/CVA.GER17.809.4/cc001001.jpe,http://www.beazley.ox.ac.uk/record/F304031B-3AFC-4060-94BE-4FB17CA08B1C
5F09C7CA-DC5A-4ED6-AF4B-A68E9AFD39C8,dog_keyword,https://www.carc.ox.ac.uk/Vases/SPIFF//Images200/020121/390320.BD/cc001001.jpe,http://www.beazley.ox.ac.uk/record/C09DB8CB-9EBC-490C-9DD6-884467B7612A
BD559049-B823-4F2B-9CE8-D5C0EBF60DB4,dog_keyword,https://www.carc.ox.ac.uk/Vases/SPIFF/Images200/GER102/CVA.GER102.5143.1/cc001001.jpe,http://www.beazley.ox.ac.uk/record/1D6E6D55-9CEA-4B84-8086-641C155E22BE
86EB37DD-9FAD-453D-809B-5575FAD5DFB4,dog_keyword,https://www.carc.ox.ac.uk/Vases/SPIFF/Images200/GER102/CVA.GER102.5143.4/cc001001.jpe,http://www.beazley.ox.ac.uk/record/AAFF26FF-4056-4C92-B503-BA5012771354
EA6E7C67-D8F2-4DAD-8841-0D1A9850A095,dog_keyword,https://www.carc.ox.ac.uk/Vases/SPIFF//Images200/020121/390395.BD/cc001001.jpe,http://www.beazley.ox.ac.uk/record/F0DFB310-1AF1-4765-9C33-B8831F3C4306
977077F0-7D58-4753-90D7-1BA3E8F69099,dog_keyword,https://www.carc.ox.ac.uk/Vases/SPIFF//Images200/020121/390400.A/cc001001.jpe,http://www.beazley.ox.ac.uk/record/C2C13584-E878-45C9-9618-1773E1AB8348
70A0831D-A8CC-4432-871E-866B3F02D79A,confusable,https://www.carc.ox.ac.uk/Vases/SPIFF/Images200/UnattribSiana1/177.A/cc001001.jpe,http://www.beazley.ox.ac.uk/record/939724A4-9A13-444A-8A29-1D743E2C70BB
69CEA585-1DBB-4C82-9D8C-29C74B6A2CDB,confusable,https://www.carc.ox.ac.uk/Vases/SPIFF/Images200/02022015/249.1/cc001001.jpe,http://www.beazley.ox.ac.uk/record/A6F87CFB-AA8E-467A-9640-23933FDB001B
13665D0F-78C1-4485-B991-22F349FF2994,confusable,https://www.carc.ox.ac.uk/Vases/SPIFF/Images200/USA14/CVA.USA14.680.9/cc001001.jpe,http://www.beazley.ox.ac.uk/record/95CFEEFA-BFB2-411E-836C-2616F6F4A580
491CB95A-4B5B-4AE8-9FEB-AF515ADA5AFB,confusable,https://www.carc.ox.ac.uk/Vases/SPIFF/Images200/USA14/CVA.USA14.680.2/cc001001.jpe,http://www.beazley.ox.ac.uk/record/DC203289-2EDE-4731-8067-B6E085CB8CAF
B07DAA2F-9473-4ACD-B674-A114859D2B19,confusable,https://www.carc.ox.ac.uk/Vases/SPIFF/Images200/USA14/CVA.USA14.FIG.4/cc001001.jpe,http://www.beazley.ox.ac.uk/record/AF6EAB85-CE31-4744-A4CE-3314AF2B2468
F5DC3A8E-AB6A-43C7-9FE0-DBB924F98869,confusable,https://www.carc.ox.ac.uk/Vases/SPIFF/Images200/USA15/CVA.USA15.698.3/cc001001.jpe,http://www.beazley.ox.ac.uk/record/4E2F981E-69D2-4503-8870-644E2D2D7143
AC3B688F-48AA-45A5-BECE-7C752E567363,confusable,https://www.carc.ox.ac.uk/Vases/SPIFF/Images200/USA15/CVA.USA15.694.2/cc001001.jpe,http://www.beazley.ox.ac.uk/record/711EF46B-9CA4-40F0-A321-888963798D3F
4BE0B687-D435-48D7-8896-32133FECD8BB,confusable,https://www.carc.ox.ac.uk/Vases/SPIFF/Images200/IT45/CVA.IT45.2003.2/cc001001.jpe,http://www.beazley.ox.ac.uk/record/2C795918-1A8C-40C2-AE65-6415020641A3
03C149E7-B869-41D1-A5BD-D707461FF65C,confusable,https://www.carc.ox.ac.uk/Vases/SPIFF/Images200/BFHydriaiAtoB/1016.BD1/cc001001.jpe,http://www.beazley.ox.ac.uk/record/A1A0C983-108F-4C9F-8425-6D65FF502AE1
1B286E35-6856-40C7-929B-630C6272E759,confusable,https://www.carc.ox.ac.uk/Vases/SPIFF/Images200/F10/CVA.F10.474.3/cc001001.jpe,http://www.beazley.ox.ac.uk/record/78057275-B585-4B13-9BC1-926B47CFC927
D835A34B-CBE5-4EFA-ABAC-5D4937779FEB,confusable,https://www.carc.ox.ac.uk/Vases/SPIFF/Images200/UnattribSiana1/1061.A/cc001001.jpe,http://www.beazley.ox.ac.uk/record/A94B4421-5B33-4DF0-94B4-357B3754E975
3E3684B0-5EE7-475C-92D9-CD21DCF76457,confusable,https://www.carc.ox.ac.uk/Vases/SPIFF/Images100/001211/1063.B/cc001001.jpe,http://www.beazley.ox.ac.uk/record/7FF81D18-A7AA-4610-B84E-CD16A7342CB8
D39130F1-B006-40BE-9A3D-E0D784CBC0E7,confusable,https://www.carc.ox.ac.uk/Vases/SPIFF/Images200/USA16/CVA.USA16.759.4/cc001001.jpe,http://www.beazley.ox.ac.uk/record/9AA5A443-A907-497F-BA49-4D0ABE3DC07D
CF5F7A83-3F78-405B-9802-85737F331491,confusable,https://www.carc.ox.ac.uk/Vases/SPIFF/Images200/GER31/CVA.GER31.1486.6/cc001001.jpe,http://www.beazley.ox.ac.uk/record/9C8C611E-755A-427A-BD18-3589438DB221
BE504EE4-B05C-4708-8CBF-1140D9CB8F01,confusable,https://www.carc.ox.ac.uk/Vases/SPIFF/Images200/USA16/CVA.USA16.771.4/cc001001.jpe,http://www.beazley.ox.ac.uk/record/3936B06F-DD9E-4CA3-B622-1C9FA29C44F8
D3B18941-D031-45E7-AFB8-C79005E35A1E,confusable,https://www.carc.ox.ac.uk/Vases/SPIFF/Images200/IT45/CVA.IT45.2010.4/cc001001.jpe,http://www.beazley.ox.ac.uk/record/CF09C98B-A832-4FF1-A57A-FD4FE49A9223
8A6EB471-09DC-43B1-9523-D692C400FAD4,confusable,https://www.carc.ox.ac.uk/Vases/SPIFF/Images200/USA19/CVA.USA19.942.15/cc001001.jpe,http://www.beazley.ox.ac.uk/record/055E77D2-85A9-4C20-9F59-1F34261910FA
1F8B6825-FF0A-488D-ABF8-AD62B7664C1D,confusable,https://www.carc.ox.ac.uk/Vases/SPIFF/Images200/USA19/CVA.USA19.942.9/cc001001.jpe,http://www.beazley.ox.ac.uk/record/06459C1A-A9AC-4869-9AE6-381784A2ABA5
0EE9BBD3-00B0-4630-AD2D-63D180C3997B,confusable,https://www.carc.ox.ac.uk/Vases/SPIFF/Images200/NL08/CVA.NL08.421.2/cc001001.jpe,http://www.beazley.ox.ac.uk/record/A81179F2-C126-4341-931B-EE467AD781EE
9E6B9055-AA22-49B1-BE01-230662CF8E32,confusable,https://www.carc.ox.ac.uk/Vases/SPIFF/Images200/NL08/CVA.NL08.FIG.17/cc001001.jpe,http://www.beazley.ox.ac.uk/record/528C2B90-961B-40CF-8DD2-5899B302B05D
3EFB086F-A9E3-46D7-A5D0-E443981FD574,confusable,https://www.carc.ox.ac.uk/Vases/SPIFF/Images200/GER44/CVA.GER44.2137.2/cc001001.jpe,http://www.beazley.ox.ac.uk/record/BD27172F-0884-46A6-8548-1850C9049201
20C6FF7C-77A4-40CC-B4F5-EAF4D09F7862,confusable,https://www.carc.ox.ac.uk/Vases/SPIFF/Images100/001124/2896.A/cc001001.jpe,http://www.beazley.ox.ac.uk/record/6970C413-E7B4-421B-989B-EC079ADBD63C
ACB8C034-9B67-4D4B-90A4-DC2AE15A86A7,confusable,https://www.carc.ox.ac.uk/Vases/SPIFF/Images200/GER60/CVA.GER60.2954.3/cc001001.jpe,http://www.beazley.ox.ac.uk/record/2626EF4A-69CC-4054-BCC2-D9C4E0C896A3
53141224-8F99-45BE-922B-7C960D0732EC,confusable,https://www.carc.ox.ac.uk/Vases/SPIFF/Images200/IT48/CVA.IT48.2159.4/cc001001.jpe,http://www.beazley.ox.ac.uk/record/057DA518-FE2A-4F8D-AA53-3E01C6665D6D
96B4CAE5-DF4D-44FF-AA17-33D6215E5D62,confusable,https://www.carc.ox.ac.uk/Vases/SPIFF/Images200/GER31/CVA.GER31.1509.6/cc001001.jpe,http://www.beazley.ox.ac.uk/record/6FEF6266-2C31-4EDB-80C4-6B8755DF70E7
8137FE7B-5BC9-4DA8-9BA6-56840713CEA2,confusable,https://www.carc.ox.ac.uk/Vases/SPIFF/Images200/010502/3498.B/cc001001.jpe,http://www.beazley.ox.ac.uk/record/97A5BF9E-D047-4EFF-A9A8-3DA509920883
2DD0082A-6203-4BC6-8E92-A5610788B7FE,confusable,https://www.carc.ox.ac.uk/Vases/SPIFF/Images200/NL04/CVA.NL04.FIG.2/cc001001.jpe,http://www.beazley.ox.ac.uk/record/A5DE74D2-8407-4E9B-BE2C-70402AC0DC0B
1153DC27-12D2-4BDF-8ED6-E8DA384D25BE,confusable,https://www.carc.ox.ac.uk/Vases/SPIFF/Images200/Unatt31to45/3647.A/cc001001.jpe,http://www.beazley.ox.ac.uk/record/721C7EE6-4132-46F1-9B1B-C726BB6B59F9
9E5DCE3D-B556-424F-8990-623D57C214C1,confusable,https://www.carc.ox.ac.uk/Vases/SPIFF/Images200/SP01/CVA.SP01.45.2B/cc001001.jpe,http://www.beazley.ox.ac.uk/record/D8A4ADB0-D94A-439E-B8EB-D2854D083B22
E9514A3F-580F-4CE6-871D-6561C5B5F283,confusable,https://www.carc.ox.ac.uk/Vases/SPIFF/Images200/GER31/CVA.GER31.1494.7/cc001001.jpe,http://www.beazley.ox.ac.uk/record/677D8D67-8ADE-46CB-A3BC-06A445110EC4
00913CE6-1887-48B8-A097-990E2AF45E97,confusable,https://www.carc.ox.ac.uk/Vases/SPIFF/36AFBB059EC2462C9337FD20EB58FB18/cc001001.jpe,http://www.beazley.ox.ac.uk/record/FD8D8CB4-7ECF-44F9-BCF9-0FFCF626CBEB
C62D5A4F-2BE0-46E3-81A9-3EA15FF859FE,confusable,https://www.carc.ox.ac.uk/Vases/SPIFF/Images200/GER03/CVA.GER03.139.2/cc001001.jpe,http://www.beazley.ox.ac.uk/record/8A03CEF5-13A6-4DBC-80F8-5BA905BE7F43
468E045B-553B-411D-8262-6E501C26C9C6,confusable,https://www.carc.ox.ac.uk/Vases/SPIFF/Images200/Unatt16to30/4860.BD/cc001001.jpe,http://www.beazley.ox.ac.uk/record/0292B451-F8FB-433A-BBCC-A2F078845CDC
1807463B-8AA9-415D-9F3A-E1EAE089EBB7,confusable,https://www.carc.ox.ac.uk/Vases/SPIFF/Images200/NL11/CVA.NL11.577/cc001001.jpe,http://www.beazley.ox.ac.uk/record/27F3164C-3B08-4AF0-BF04-8C487C94921B
789E59E7-466E-45B1-B1FC-D082D6A3047D,confusable,https://www.carc.ox.ac.uk/Vases/SPIFF/Images100/001204/5172.B/cc001001.jpe,http://www.beazley.ox.ac.uk/record/14E3DA2C-DCC5-491A-91FA-7D0E3A459BFD
9CEAB91F-E9FA-469E-9F07-CBCBFD2D0D8C,confusable,https://www.carc.ox.ac.uk/Vases/SPIFF/Images200/Unatt16to30/5176.DRAW/cc001001.jpe,http://www.beazley.ox.ac.uk/record/C5078184-FF73-4DE2-BB50-23D05F1D7C45
AE902FC9-5380-472E-8BEF-A912BF825862,confusable,https://www.carc.ox.ac.uk/Vases/SPIFF/Images200/010502/5554.A/cc001001.jpe,http://www.beazley.ox.ac.uk/record/69A1CD5D-5037-4DC5-8D80-A2ECF4687870
D0C2D4C7-7D8C-4921-9E79-F173FB1AF9ED,confusable,https://www.carc.ox.ac.uk/Vases/SPIFF/Images200/SWZ03/CVA.SWZ03.125.2/cc001001.jpe,http://www.beazley.ox.ac.uk/record/C4334307-143F-4C37-8681-92E3356DC677
0C7DEC5D-C781-4639-87CD-0DBB097A41D4,confusable,https://www.carc.ox.ac.uk/Vases/SPIFF/Images200/IT26/CVA.IT26.1190.2/cc001001.jpe,http://www.beazley.ox.ac.uk/record/5FF62168-A8AE-4F4B-920E-23E7A7AF555F
995E92A3-A145-413B-BF57-CB9821CB89C1,confusable,https://www.carc.ox.ac.uk/Vases/SPIFF/Images200/USA15/CVA.USA15.692.2/cc001001.jpe,http://www.beazley.ox.ac.uk/record/FF51407E-6090-4EF5-97FF-30CCECCBBA5C
5B65581F-D5F6-4A09-9CAF-5B3FFD878900,confusable,https://www.carc.ox.ac.uk/Vases/SPIFF/Images200/GER47/CVA.GER47.2256.1/cc001001.jpe,http://www.beazley.ox.ac.uk/record/7457E663-DF71-4241-8262-CD638F13077A
A999EA0C-406A-4F64-953B-3639ECA2CD4C,confusable,https://www.carc.ox.ac.uk/Vases/SPIFF/Images200/GER47/CVA.GER47.2297.1/cc001001.jpe,http://www.beazley.ox.ac.uk/record/89CF0774-02CE-4CFE-BEF5-F8497F1C87EF
3B4EED7E-9D34-415F-B15C-8440312472E2,confusable,https://www.carc.ox.ac.uk/Vases/SPIFF/Images200/CAN01/CVA.CAN01.004.3/cc001001.jpe,http://www.beazley.ox.ac.uk/record/82B8A7AD-1980-4FC5-8183-B6F7001DDDA7
0DC836F0-D848-4078-A608-CF7737CD1313,confusable,https://www.carc.ox.ac.uk/Vases/SPIFF/Images200/CAN01/CVA.CAN01.030.4/cc001001.jpe,http://www.beazley.ox.ac.uk/record/9063D998-0147-400E-9B6E-B7926C02E40F
0B796838-E826-44E5-B052-C18F46861D7C,confusable,https://www.carc.ox.ac.uk/Vases/SPIFF/Images200/17112014/6409.1/cc001001.jpe,http://www.beazley.ox.ac.uk/record/10797078-96CC-4EF2-B6F6-B1A69B384A90
778355EA-2A9C-425C-B237-00C46C07DDB9,confusable,https://www.carc.ox.ac.uk/Vases/SPIFF/Images200/USA20/CVA.USA20.0966.2/cc001001.jpe,http://www.beazley.ox.ac.uk/record/DCC02AF4-79BF-4CCC-9828-D162B3BA77B8
0092D2EA-FFD7-420A-9907-571415FB4457,confusable,https://www.carc.ox.ac.uk/Vases/SPIFF/Images200/IT67/CVA.IT67.FIG.21/cc001001.jpe,http://www.beazley.ox.ac.uk/record/6414A4FE-C598-4F12-A7E8-3D1D01DFDF81
D2F0F2D7-4041-472D-94B2-2BA6A7CE1B03,confusable,https://www.carc.ox.ac.uk/Vases/SPIFF/Images200/NZ01/CVA.NZ01.27.7/cc001001.jpe,http://www.beazley.ox.ac.uk/record/2D927BE6-7D1D-4A37-BD62-A6D47328765E
E6782794-5074-46E1-8ADD-4F9572F7AFB0,confusable,https://www.carc.ox.ac.uk/Vases/SPIFF/Images200/Unatt16to30/7172.i/cc001001.jpe,http://www.beazley.ox.ac.uk/record/FAEAD697-D06F-4773-A374-8C54E10FD7DF
6B5093EB-DF6A-4F90-8769-3C4C4D537751,confusable,https://www.carc.ox.ac.uk/Vases/SPIFF/DB85C38A709C4B0D83E35806BF4F6138/cc001001.jpe,http://www.beazley.ox.ac.uk/record/3083E95F-7205-4E8A-B1CB-B44D851A7D14
8E37E6E1-46E2-4743-97B6-5669C3C29214,confusable,https://www.carc.ox.ac.uk/Vases/SPIFF/Images100/001204/7346.A/cc001001.jpe,http://www.beazley.ox.ac.uk/record/5FCD290A-2EED-4F8C-B9E7-1E5FD8D2489E
67AB268C-4C73-4AAF-A82C-DBE02D89B8D1,confusable,https://www.carc.ox.ac.uk/Vases/SPIFF/Images200/Unatt46to60/7482.BD1/cc001001.jpe,http://www.beazley.ox.ac.uk/record/CE15C97D-E99D-4717-91F4-EB5AE732A927
7638B3C9-49D4-4CBE-A9F6-54F5F3D0954E,confusable,https://www.carc.ox.ac.uk/Vases/SPIFF/Images100/001113/7499.A/cc001001.jpe,http://www.beazley.ox.ac.uk/record/AC62E92C-ED69-440B-BD27-7A1A1FC1BEC6
3C845D1C-4B33-4474-B0E1-158DCAB9C896,confusable,https://www.carc.ox.ac.uk/Vases/SPIFF/Images200/GER07/CVA.GER07.306.4/cc001001.jpe,http://www.beazley.ox.ac.uk/record/865956B1-F768-49A3-A93E-6885A3CA82C3
5F2AB149-C861-41E7-A4D1-570C06856923,confusable,https://www.carc.ox.ac.uk/Vases/SPIFF/Images200/IT42/CVA.IT42.1869.2/cc001001.jpe,http://www.beazley.ox.ac.uk/record/C3B09168-5E83-4E41-9A05-FE6C924996C3
A5397A79-D166-4F09-8378-31607F0A2DE4,confusable,https://www.carc.ox.ac.uk/Vases/SPIFF/Images200/IT42/CVA.IT42.1874.2/cc001001.jpe,http://www.beazley.ox.ac.uk/record/892EF308-A626-4D01-82C9-FC31F3E26115
14464E31-384A-4236-995D-62D004D6A19B,confusable,https://www.carc.ox.ac.uk/Vases/SPIFF/Images200/GER10/CVA.GER10.465.13/cc001001.jpe,http://www.beazley.ox.ac.uk/record/EB26E3EA-C409-4CAB-9B21-427A9E67D6C2
2B97FD54-945C-4549-B67B-3F97B8D0819F,confusable,https://www.carc.ox.ac.uk/Vases/SPIFF/Images200/GER10/CVA.GER10.465.12/cc001001.jpe,http://www.beazley.ox.ac.uk/record/D8412098-B8D1-4B74-8BB1-4BE948DBA073
57F1D68F-3614-4AA0-9871-C57DECA6F11B,confusable,https://www.carc.ox.ac.uk/Vases/SPIFF/Images200/GER10/CVA.GER10.465.11/cc001001.jpe,http://www.beazley.ox.ac.uk/record/B173D4DD-8C6D-4CD6-BB89-E4234FBD9AE2
E6B892C4-CB40-4B19-8F7B-7036DF062D9F,confusable,https://www.carc.ox.ac.uk/Vases/SPIFF/Images200/050427/8656.d/cc001001.jpe,http://www.beazley.ox.ac.uk/record/14729CDA-9DFB-4D37-9E6A-E43F79364925
775A7801-E527-459E-A02B-F7D6FE2034EE,confusable,https://www.carc.ox.ac.uk/Vases/SPIFF/Images200/YALEDatabase5/8833.3/cc001001.jpe,http://www.beazley.ox.ac.uk/record/3CD6F3C7-F922-4C4C-BC59-12B3F2EA6B6F
0124613B-7CEE-4229-ACC8-00E0ABA3874D,confusable,https://www.carc.ox.ac.uk/Vases/SPIFF/Images200/9012015/8969/cc001001.jpe,http://www.beazley.ox.ac.uk/record/233DCDF0-CD47-454A-918E-5150ACF40657
0D5B9ED3-2E09-49CE-8CD6-D709CCD255C5,confusable,https://www.carc.ox.ac.uk/Vases/SPIFF/Images100/001204/9044.UF/cc001001.jpe,http://www.beazley.ox.ac.uk/record/FD26E162-8D6E-4337-A994-EC6938D4F52F
C7BE80DD-C8EF-487A-839A-7B524738D309,confusable,https://www.carc.ox.ac.uk/Vases/SPIFF/Images200/02102014/9519/cc001001.jpe,http://www.beazley.ox.ac.uk/record/FC3455D4-F3D7-4E36-80B4-2C2746AE4233
ED0FB5A5-C32B-40D5-8A68-61BBBC7837A8,confusable,https://www.carc.ox.ac.uk/Vases/SPIFF/Images200/ABV210toX1/9654.BD1/cc001001.jpe,http://www.beazley.ox.ac.uk/record/7B839862-ED24-4767-AFC1-B8306CFAA62B
0B25A273-C017-4667-9907-EAF767F717EA,confusable,https://www.carc.ox.ac.uk/Vases/SPIFF/Images200/IT41/CVA.IT41.BEIL.7.40/cc001001.jpe,http://www.beazley.ox.ac.uk/record/1290F28A-5836-4FF8-89E2-82195CC4CFD1
48889AA5-9F51-4FAD-A944-95FC32595242,confusable,https://www.carc.ox.ac.uk/Vases/SPIFF/Images100/001124/10073.A/cc001001.jpe,http://www.beazley.ox.ac.uk/record/E42DDB32-619A-47C4-9B93-6A0BCF7E8DC0
55588B67-945A-4CEF-B788-D4294ADFBE19,confusable,https://www.carc.ox.ac.uk/Vases/SPIFF/Images200/USA23/CVA.USA23.FIG.22/cc001001.jpe,http://www.beazley.ox.ac.uk/record/5D6AF8C6-5E26-4E81-A4B4-D650FA6F5785
7F1EACE4-75BA-40CB-95D1-2701439DC2DC,confusable,https://www.carc.ox.ac.uk/Vases/SPIFF/Images200/F16/CVA.F16.699.1/cc001001.jpe,http://www.beazley.ox.ac.uk/record/BB6D9289-33A3-44D0-B76B-63CEFFFF6AC4
0DD5A3FB-9402-40D8-86F8-F7972447BE3A,confusable,https://www.carc.ox.ac.uk/Vases/SPIFF/Images200/BEL03/CVA.BEL03.123.4/cc001001.jpe,http://www.beazley.ox.ac.uk/record/9CBC0CBA-B9F0-46EC-8FC1-75302924708D
8E35FE28-023B-4F96-958E-E788FC3D2A29,confusable,https://www.carc.ox.ac.uk/Vases/SPIFF/Images200/BEL03/CVA.BEL03.122.14/cc001001.jpe,http://www.beazley.ox.ac.uk/record/6E0A4B7A-3AC0-4EF3-9664-AF9F4087868D
80CE18E0-2FDE-4534-BDD8-D8E02EF0322A,confusable,https://www.carc.ox.ac.uk/Vases/SPIFF/Images200/FR09/CVA.FR09.399.4/cc001001.jpe,http://www.beazley.ox.ac.uk/record/76A7A60B-547A-4C56-94EB-E0DD467C1D2F
38C375A5-22D3-4ADF-BDA0-7E9FF302456C,confusable,https://www.carc.ox.ac.uk/Vases/SPIFF/Images200/FR09/CVA.FR09.398.5/cc001001.jpe,http://www.beazley.ox.ac.uk/record/9ACE6F83-AD07-49F6-977C-EC692363565B
75D59A28-9BA5-42C1-BD38-4515DAF75A88,confusable,https://www.carc.ox.ac.uk/Vases/SPIFF/Images200/FR09/CVA.FR09.403.4/cc001001.jpe,http://www.beazley.ox.ac.uk/record/C1CF396B-4EE7-4F54-9582-BB991D457BDD
1DA20BED-C58B-4236-BD24-2D2E74197AD5,confusable,https://www.carc.ox.ac.uk/Vases/SPIFF/Images200/F12/CVA.F12.511.7/cc001001.jpe,http://www.beazley.ox.ac.uk/record/4978E3EA-22E1-416C-B953-E7E5772E1FC9
13B08EDD-37B5-476B-8ED4-728E8184EF68,confusable,https://www.carc.ox.ac.uk/Vases/SPIFF/Images200/F10/CVA.F10.468.14/cc001001.jpe,http://www.beazley.ox.ac.uk/record/E37C65AA-92E4-41E0-90D1-3563E4DD313C
C4267783-F367-4A1D-B940-2C4102898F37,confusable,https://www.carc.ox.ac.uk/Vases/SPIFF/Images200/F10/CVA.F10.481.2/cc001001.jpe,http://www.beazley.ox.ac.uk/record/1550830F-3912-4305-8061-289E4DCF23B4
C5939ACF-84EE-40D1-8F5A-623B7E259C75,confusable,https://www.carc.ox.ac.uk/Vases/SPIFF/Images200/GER10/CVA.GER10.474.10/cc001001.jpe,http://www.beazley.ox.ac.uk/record/B5E8FE27-8A4E-4D99-991B-EC5CCBE8619F
0B9499EB-6182-49C9-8D4C-D02CD0C04167,confusable,https://www.carc.ox.ac.uk/Vases/SPIFF/Images200/GB09/CVA.GB09.402.33/cc001001.jpe,http://www.beazley.ox.ac.uk/record/8F6597DD-EB77-4B3F-989B-2FCC20CE2545
F60D4DEC-4682-4F44-9B67-D534FC1A100A,confusable,https://www.carc.ox.ac.uk/Vases/SPIFF/Images200/GB09/CVA.GB09.404.7/cc001001.jpe,http://www.beazley.ox.ac.uk/record/D032457C-E2E2-41AF-8565-2511C0DA5FF2
1FE99B25-8FCF-4E28-92AD-288488F5268D,confusable,https://www.carc.ox.ac.uk/Vases/SPIFF/Images200/GB09/CVA.GB09.404.12/cc001001.jpe,http://www.beazley.ox.ac.uk/record/427DEC77-B5F4-421F-A7D8-7F8A36438B44
E3CA35A7-16B4-4775-A022-4A6732266C3E,confusable,https://www.carc.ox.ac.uk/Vases/SPIFF/Images200/GB04/CVA.165.2a/cc001001.jpe,http://www.beazley.ox.ac.uk/record/59870472-53EE-4E5D-9A41-09212E581E97
0C2ED228-288A-44DF-AFDE-E318DE053730,confusable,https://www.carc.ox.ac.uk/Vases/SPIFF/Images200/BEL01/CVA.BEL01.024.3B/cc001001.jpe,http://www.beazley.ox.ac.uk/record/D6793833-3EE8-400F-B7C2-255A782EBDE9
874B7EF4-9165-4289-8BB0-76EECBB68E88,confusable,https://www.carc.ox.ac.uk/Vases/SPIFF/Images200/BEL02/CVA.BEL02.062.5B/cc001001.jpe,http://www.beazley.ox.ac.uk/record/544B9999-DCF4-4D64-99EA-6045B901C67C
5CC93ECB-F2CC-4765-A910-8D7054FDD7A3,confusable,https://www.carc.ox.ac.uk/Vases/SPIFF//Images200/020121/12150.BD2/cc001001.jpe,http://www.beazley.ox.ac.uk/record/A83DFC5B-1173-455C-942D-3910E31FC4AE
D2FDDBDB-F983-418F-BA15-A21A95331678,confusable,https://www.carc.ox.ac.uk/Vases/SPIFF/Images200/F17/CVA.F17.735.4/cc001001.jpe,http://www.beazley.ox.ac.uk/record/37B14472-739B-4D16-9D6B-40652FCD64DA
3E898507-C900-4073-A11E-892E6999C679,confusable,https://www.carc.ox.ac.uk/Vases/SPIFF/Images200/F19/CVA.F19.848.1/cc001001.jpe,http://www.beazley.ox.ac.uk/record/726C6DCA-32CE-433D-9719-4CB2C7DC9962
C7E358F1-FF71-430F-A6CD-9606D3AFA514,confusable,https://www.carc.ox.ac.uk/Vases/SPIFF/Images200/050427/12242.d/cc001001.jpe,http://www.beazley.ox.ac.uk/record/A96B6040-8638-481C-AF05-0295B03A25CA
84B9F877-C7FB-41B1-A612-6E7FA530B33D,confusable,https://www.carc.ox.ac.uk/Vases/SPIFF/Images200/BFHydriaiAtoB/12278.BD/cc001001.jpe,http://www.beazley.ox.ac.uk/record/72E60E3A-91DA-4C3E-97B1-EB9C187C7E0C
5B48D28C-7423-4133-A0D0-342741EC0D5D,confusable,https://www.carc.ox.ac.uk/Vases/SPIFF/Images200/F18/CVA.F18.795.3/cc001001.jpe,http://www.beazley.ox.ac.uk/record/147C12F9-32EC-4FDA-BACF-3AADBCAD0EF7
DCEC94C8-4360-43A3-A044-F0425DB464F9,confusable,https://www.carc.ox.ac.uk/Vases/SPIFF/Images200/F18/CVA.F18.795.2/cc001001.jpe,http://www.beazley.ox.ac.uk/record/BA96384F-5F36-48F0-9B07-CB2C5AAC7AF0
3AF624FB-1EA7-4F06-A48D-78C25F8E02FB,confusable,https://www.carc.ox.ac.uk/Vases/SPIFF/Images200/F18/CVA.F18.794.2/cc001001.jpe,http://www.beazley.ox.ac.uk/record/22CBDF0F-F820-48BF-A785-55C9EF1A1525
7D3D05C5-A452-44CA-A5DB-527C6A53A3B7,confusable,https://www.carc.ox.ac.uk/Vases/SPIFF/Images200/F18/CVA.F18.793.5/cc001001.jpe,http://www.beazley.ox.ac.uk/record/2838AC0A-5C0C-42C0-907B-FBB77715D391
76B4B979-543F-41F6-86E1-6AA3BD798594,confusable,https://www.carc.ox.ac.uk/Vases/SPIFF/Images200/GER25/CVA.GER25.1201.1/cc001001.jpe,http://www.beazley.ox.ac.uk/record/C9578B4D-DA1A-4C85-A71F-E78428A917E4
D807066C-F51A-4596-AF39-D97C614FB57E,confusable,https://www.carc.ox.ac.uk/Vases/SPIFF/Images200/GB06/CVA.253.1b/cc001001.jpe,http://www.beazley.ox.ac.uk/record/089B6E40-34AC-48F3-9764-9426FE58B98D
9E9FCB93-91C4-43F7-9378-66E4E10B37E2,confusable,https://www.carc.ox.ac.uk/Vases/SPIFF//Images200/GB11/CVA.518.3/cc001001.jpe,http://www.beazley.ox.ac.uk/record/D634E445-33A1-4F43-A991-3831EF093A4D
B798C64A-A110-4B7D-A398-C2BB882A4F6B,confusable,https://www.carc.ox.ac.uk/Vases/SPIFF/Images100/001204/12964.COLOUROFB/cc001001.jpe,http://www.beazley.ox.ac.uk/record/AE8FBEF8-E130-4542-A792-A1A5852CAEAA
86958DC8-F328-4B73-BBD9-899867B4F72D,confusable,https://www.carc.ox.ac.uk/Vases/SPIFF/Images200/GB01/CVA.GB01.28.3b/cc001001.jpe,http://www.beazley.ox.ac.uk/record/9AB2DF89-5AC8-4AAB-806C-2563A6AF9F50
D89ADDB3-DCC6-4E1E-B9A3-6A37A9F87BCF,confusable,https://www.carc.ox.ac.uk/Vases/SPIFF/Images200/IT36/CVA.IT36.1641.5/cc001001.jpe,http://www.beazley.ox.ac.uk/record/F59DD848-8CE7-4CAD-BC4C-0088F54E3DDB
A4B39A36-1C37-409B-B8E8-1ED94A4D8B2E,confusable,https://www.carc.ox.ac.uk/Vases/SPIFF/Images200/IT26/CVA.IT26.1187.4/cc001001.jpe,http://www.beazley.ox.ac.uk/record/5BAF6977-D309-4A41-95CC-39AAC125253C
9A399DA2-015B-473B-B07A-0B36B650A948,confusable,https://www.carc.ox.ac.uk/Vases/SPIFF//Images200/GB13/CVA.608.21/cc001001.jpe,http://www.beazley.ox.ac.uk/record/4A6736CA-34B2-48FA-8913-FF219AEAE2C9
AC01E053-D7AD-4B3C-AC09-665323EF6C56,confusable,https://www.carc.ox.ac.uk/Vases/SPIFF//Images200/GB13/CVA.608.14/cc001001.jpe,http://www.beazley.ox.ac.uk/record/440D4325-9199-48E0-B124-4D2E5C9AFDDF
080B38EE-769B-4DD4-85B8-E23BF0071BA3,confusable,https://www.carc.ox.ac.uk/Vases/SPIFF/Images200/GB12/CVA.GB12.550.45/cc001001.jpe,http://www.beazley.ox.ac.uk/record/FCD95F25-2CF4-4E83-8886-11BC9214A95F
FB36E49E-05C0-44B6-BA97-E6736F0817F2,confusable,https://www.carc.ox.ac.uk/Vases/SPIFF/Images200/IT09/CVA.IT09.439.4/cc001001.jpe,http://www.beazley.ox.ac.uk/record/A60352A0-8E46-4DC6-B398-5224D5BC9988
1870123D-C270-46B6-975D-047297155794,confusable,https://www.carc.ox.ac.uk/Vases/SPIFF//Images200/GB13/CVA.609.19/cc001001.jpe,http://www.beazley.ox.ac.uk/record/2A10FEEB-E5E2-4523-91AF-A9F2949515CB
02C5939D-9D15-4E94-A8E5-DB08B6D31AB4,confusable,https://www.carc.ox.ac.uk/Vases/SPIFF/Images200/BF AMPHORAE TYPE B S-Z ETC 1/14680/cc001001.jpe,http://www.beazley.ox.ac.uk/record/39BE0468-2206-4BCA-BDD8-F66B464EA7C9
CE8DB1F1-E2F6-4D8F-96D9-3CF3DB46764E,confusable,https://www.carc.ox.ac.uk/Vases/SPIFF/Images100/001204/14905.A/cc001001.jpe,http://www.beazley.ox.ac.uk/record/E4158AB8-3277-4A51-A5FC-84AAADC898D2
CAE9380E-B3B1-4904-8AB0-73BD22ED455C,confusable,https://www.carc.ox.ac.uk/Vases/SPIFF/Images200/POL03/CVA.POL03.098.12/cc001001.jpe,http://www.beazley.ox.ac.uk/record/C94A673A-A876-40E5-AFAD-BDEB7606DAB2
FD1169A4-7926-4D7A-9D5D-6E015E81DE41,confusable,https://www.carc.ox.ac.uk/Vases/SPIFF/Images200/GettyOC/14932.A/cc001001.jpe,http://www.beazley.ox.ac.uk/record/B0FD85AC-063E-42B0-9033-34B0B56EFEBF
3BD3E3C7-2CED-437D-BC24-1963B9A5B5D7,confusable,https://www.carc.ox.ac.uk/Vases/SPIFF/Images200/Unatt61to74/14961.AB1/cc001001.jpe,http://www.beazley.ox.ac.uk/record/022FC784-6BBB-4109-902B-D48D13D9B3F8
EFB6AD11-DBFA-4D2B-8028-120D28D11D28,confusable,https://www.carc.ox.ac.uk/Vases/SPIFF/Images200/10042015/9032976.1/cc001001.jpe,http://www.beazley.ox.ac.uk/record/AE9A5749-396E-4DC6-A6AD-7DF5E51A2BA2
4D5253A5-0F98-4EC5-8F2C-55540D46A178,confusable,https://www.carc.ox.ac.uk/Vases/SPIFF/C894D52C26304339BB42C2AC20E98FDB/cc001001.jpe,http://www.beazley.ox.ac.uk/record/016472BE-037A-41E8-87D9-ED6C876FE4DB
D6025A00-CFE4-4C9D-8351-F2A2F2E76931,confusable,https://www.carc.ox.ac.uk/Vases/SPIFF/40043BE5DFBC4C459493F11A6EBD1EF1/cc001001.jpe,http://www.beazley.ox.ac.uk/record/6520A607-2B57-419A-9C5C-71F7330CF04A
1628C582-4FD9-4129-A160-D478B3782BCE,confusable,https://www.carc.ox.ac.uk/Vases/SPIFF/Images200/Unatt16to30/15277.AB/cc001001.jpe,http://www.beazley.ox.ac.uk/record/AAD7FA31-26D3-45FC-AA64-423EA64B013D
D851787D-1D39-4BCF-9E43-9226C89E6186,confusable,https://www.carc.ox.ac.uk/Vases/SPIFF/Images200/BFHydriaiAtoB/16599.1/cc001001.jpe,http://www.beazley.ox.ac.uk/record/002586BF-6D63-4244-9F46-06A018BFAD43
7DD05F6E-627A-4CE1-8D39-47738AD8CF68,confusable,https://www.carc.ox.ac.uk/Vases/SPIFF/Images200/17112014/16620.1/cc001001.jpe,http://www.beazley.ox.ac.uk/record/86F5E354-6A39-49B6-A783-6139B3EF5488
FD547F29-A20C-4F4C-8A6F-705106F296A6,confusable,https://www.carc.ox.ac.uk/Vases/SPIFF/Images200/Unatt2to15/16696.AB/cc001001.jpe,http://www.beazley.ox.ac.uk/record/D3CE09AD-D9CF-41E1-8490-B69F355F589F
7E9E9EF5-8412-4483-949D-1A2996F39FBD,confusable,https://www.carc.ox.ac.uk/Vases/SPIFF/Images200/02102014/16803/cc001001.jpe,http://www.beazley.ox.ac.uk/record/878C19B3-59F5-4524-A6CD-FAB7A7B67AA9
30044D82-6FC7-424C-947F-41EF205DC245,confusable,https://www.carc.ox.ac.uk/Vases/SPIFF/Images200/Unatt2to15/17617.AB1/cc001001.jpe,http://www.beazley.ox.ac.uk/record/30CE9188-EC3D-431B-BEC8-4610522AA23D
FAC239E1-272E-4DBB-B23C-4D3363903CB2,confusable,https://www.carc.ox.ac.uk/Vases/SPIFF/Images100/001109/900005.IPH.B/cc001001.jpe,http://www.beazley.ox.ac.uk/record/53737B85-6E88-45F2-B956-DBA682971D60
8EEB3939-04DC-4993-8688-81CD98F92001,confusable,https://www.carc.ox.ac.uk/Vases/SPIFF/Images200/GER64/CVA.GER64.3177.7/cc001001.jpe,http://www.beazley.ox.ac.uk/record/72E202B7-5D45-409E-B1B7-2258DA82173D
3035A371-F0B5-44DE-B6D9-4C410AD8B5F2,confusable,https://www.carc.ox.ac.uk/Vases/SPIFF/Images200/JP02/CVA.JP02.BEIL.1.4/cc001001.jpe,http://www.beazley.ox.ac.uk/record/7E5F6A0E-F62E-427D-AD67-523FF298FFCE
11BC08F8-F2AE-4600-BE49-CC372D5F453A,confusable,https://www.carc.ox.ac.uk/Vases/SPIFF/Images200/NL08/CVA.NL08.452.2/cc001001.jpe,http://www.beazley.ox.ac.uk/record/60181B96-D8CB-4D3B-9642-14A86CF0E98A
78A77B0E-F813-41BE-BF20-8615EF54804D,confusable,https://www.carc.ox.ac.uk/Vases/SPIFF/Images200/NL08/CVA.NL08.452.1/cc001001.jpe,http://www.beazley.ox.ac.uk/record/A7273AFB-F50B-4411-B656-045A6757DE26
5F4CC650-21EB-499B-956B-36A876F85D39,confusable,https://www.carc.ox.ac.uk/Vases/SPIFF/Images200/NL08/CVA.NL08.FIG.41/cc001001.jpe,http://www.beazley.ox.ac.uk/record/B1DB99F1-BB27-4410-8C63-83525EDDE29D
F5F39D7F-D21C-469C-BF38-CBF984938619,confusable,https://www.carc.ox.ac.uk/Vases/SPIFF/Images200/NL08/CVA.NL08.421.9/cc001001.jpe,http://www.beazley.ox.ac.uk/record/39EC7C0D-9CAB-4BA0-A92A-3629883F3D1F
334E679E-7866-4C1E-8C08-879412E6E04D,confusable,https://www.carc.ox.ac.uk/Vases/SPIFF/Images200/NL08/CVA.NL08.424.5/cc001001.jpe,http://www.beazley.ox.ac.uk/record/F8AB66E1-B808-4F89-B911-2B6BAC339553
3705F5B6-C99B-4025-A854-4FD0B5031911,confusable,https://www.carc.ox.ac.uk/Vases/SPIFF/Images200/GER65/CVA.GER65.3228.9/cc001001.jpe,http://www.beazley.ox.ac.uk/record/568A1B1D-DD7A-4E86-9438-9E950343A203
2695491C-C1E6-4333-8324-97A15915A7EB,confusable,https://www.carc.ox.ac.uk/Vases/SPIFF/Images200/GB18/CVA.879.6/cc001001.jpe,http://www.beazley.ox.ac.uk/record/5A9AEC73-6495-4359-81F4-F7AA07D3D24A
7CB9AE3E-24FF-4680-8F18-24E65B9E915C,confusable,https://www.carc.ox.ac.uk/Vases/SPIFF/Images200/Unatt31to45/20582/cc001001.jpe,http://www.beazley.ox.ac.uk/record/45019C5E-523F-4264-90F6-89E6F343889A
1FA282C5-60E4-4E1A-A4C2-C5C9A41CB06D,confusable,https://www.carc.ox.ac.uk/Vases/SPIFF/Images200/NL08/CVA.NL08.377.3/cc001001.jpe,http://www.beazley.ox.ac.uk/record/51B8A5F3-1121-4C41-9C74-A2701952CD27
AE120F1E-303F-48F9-8DB8-590055357F8D,confusable,https://www.carc.ox.ac.uk/Vases/SPIFF/Images200/IT65/CVA.IT65.2927.3/cc001001.jpe,http://www.beazley.ox.ac.uk/record/6881F540-C6C4-4ACC-8A17-E4D7203B1997
77C9CC58-E41D-49C8-97BD-3B2C963A2FDD,confusable,https://www.carc.ox.ac.uk/Vases/SPIFF/7350A05E91C442EF9B3B977159083B94/cc001001.jpe,http://www.beazley.ox.ac.uk/record/6FF86451-99FB-49E8-B364-2F2E930C044B
C8A04C00-BD95-4B05-8565-B2D378CD558D,confusable,https://www.carc.ox.ac.uk/Vases/SPIFF/A2AF6936443844E29800B723AF53EF9F/cc001001.jpe,http://www.beazley.ox.ac.uk/record/CE2E7E3B-6F6D-46FB-AA43-C7640A740EE0
325130EE-7E5F-470D-9A00-3783F1D1481D,confusable,https://www.carc.ox.ac.uk/Vases/SPIFF/Images200/BF AMPHORAE TYPE B AtoB/23007.1/cc001001.jpe,http://www.beazley.ox.ac.uk/record/7A1991BD-83F1-46D1-9DE9-7AB6B585B527
FD86114B-4816-418D-BBCA-589BF918450A,confusable,https://www.carc.ox.ac.uk/Vases/SPIFF/Images100/001211/23008.A/cc001001.jpe,http://www.beazley.ox.ac.uk/record/2F8620BC-ACB8-42C1-9551-AB4C212D5411
75FDED4D-FA18-41EA-83AD-642E0DCA3076,confusable,https://www.carc.ox.ac.uk/Vases/SPIFF/Images100/001221/23029/cc001001.jpe,http://www.beazley.ox.ac.uk/record/7E07F7AE-1C0C-4E59-B9C0-78B9822963DB
6B6F9FFC-705A-4F07-951D-A6B82CAFC421,confusable,https://www.carc.ox.ac.uk/Vases/SPIFF/Images100/001221/23035/cc001001.jpe,http://www.beazley.ox.ac.uk/record/57019A1A-657E-40E8-92CE-9BBFC60F7ED5
589C2255-A7A7-459A-AAF5-D6CFBB7EE70B,confusable,https://www.carc.ox.ac.uk/Vases/SPIFF/Images100/001124/23043.A/cc001001.jpe,http://www.beazley.ox.ac.uk/record/C1904774-9029-493A-BFA7-AE86A13F55C5
3D374A9A-8BFB-4A0D-8011-1045D27FC3D7,confusable,https://www.carc.ox.ac.uk/Vases/SPIFF/Images100/001204/23074.COLOUR.A/cc001001.jpe,http://www.beazley.ox.ac.uk/record/CA1EF46A-8B60-4D56-A405-4653511BCB01
8ACD6DC6-7225-4216-96A4-06D2F0C593D5,confusable,https://www.carc.ox.ac.uk/Vases/SPIFF/Images100/001204/23075.A/cc001001.jpe,http://www.beazley.ox.ac.uk/record/6CC3CDBD-2140-42E6-8F4F-81534D5D6212
D2FD4AAD-7950-4F97-816C-4AC23A2CEE2C,confusable,https://www.carc.ox.ac.uk/Vases/SPIFF/Images200/Unatt61to74/23189.A1/cc001001.jpe,http://www.beazley.ox.ac.uk/record/D073A89B-1528-427D-A370-2ACB4B474702
3BB415D4-6366-419A-973D-6D010C63DB6A,confusable,https://www.carc.ox.ac.uk/Vases/SPIFF/Images100/010227/23294/cc001001.jpe,http://www.beazley.ox.ac.uk/record/DBF8926D-9C46-4DAB-88C8-D5D18DB31529
0ED2CDF1-7DB4-406E-8CDC-3580317C92EF,confusable,https://www.carc.ox.ac.uk/Vases/SPIFF/Images100/010227/23295/cc001001.jpe,http://www.beazley.ox.ac.uk/record/0CC6B39B-C279-4771-9898-192BE0FB9B21
FDF9D09C-0F32-44C9-87AB-C262877D45B1,confusable,https://www.carc.ox.ac.uk/Vases/SPIFF/Images200/IT70/CVA.IT70.3173.4/cc001001.jpe,http://www.beazley.ox.ac.uk/record/C5A31085-6D78-4FF9-B8F0-AB3129EA942A
8E826672-6657-4972-A87A-A2C4A3BFF572,confusable,https://www.carc.ox.ac.uk/Vases/SPIFF/Images200/010502/24073.A/cc001001.jpe,http://www.beazley.ox.ac.uk/record/56107E60-E226-42FE-BA51-79C5E196A912
ECE638BD-88F7-41A6-A230-DBEBFC9AA448,confusable,https://www.carc.ox.ac.uk/Vases/SPIFF/6AECE07B7A8A489B91BA567C8FA0F422/cc001001.jpe,http://www.beazley.ox.ac.uk/record/4BEA8791-BEB1-448B-8D57-B716B54D0566
9C272106-DE80-4CC1-AF3C-8FE449967F58,confusable,https://www.carc.ox.ac.uk/Vases/SPIFF/Images100/001124/28572.B/cc001001.jpe,http://www.beazley.ox.ac.uk/record/23A57F24-7B30-4FCA-B612-99F96151E822
4AB7341B-30F0-42D2-B35A-E92162059806,confusable,https://www.carc.ox.ac.uk/Vases/SPIFF/Images200/USA23/CVA.USA23.1136.5/cc001001.jpe,http://www.beazley.ox.ac.uk/record/D0E6E66B-99EF-4F3B-8293-21E028BE9C4E
3D241155-0607-4A3A-8778-0CEF13E4C711,confusable,https://www.carc.ox.ac.uk/Vases/SPIFF/Images200/Unatt16to30/30847.AB/cc001001.jpe,http://www.beazley.ox.ac.uk/record/A0B53058-D13C-4C61-90BE-294925041520
DCA67DE3-95C4-497F-9D87-26466B0ED601,confusable,https://www.carc.ox.ac.uk/Vases/SPIFF/Images200/Unatt01/30853.FR/cc001001.jpe,http://www.beazley.ox.ac.uk/record/FECEBB3F-C284-4FD0-9DC7-E9725CCD2FE7
D2F0FF09-FBF4-4A56-BEE9-5DBBE725226E,confusable,https://www.carc.ox.ac.uk/Vases/SPIFF/Images200/Unatt16to30/31028.FR/cc001001.jpe,http://www.beazley.ox.ac.uk/record/FAB66609-55B4-4250-95F6-FCAAD1412F91
B723BE9B-AAE2-45D5-8145-99DA25D12D8B,confusable,https://www.carc.ox.ac.uk/Vases/SPIFF/Images200/Unatt46to60/31147.FR/cc001001.jpe,http://www.beazley.ox.ac.uk/record/A2946FA0-3A85-4761-A825-B38C19A52A17
5BF92EEC-9D6F-47F7-A6F2-AC40D30E8FE9,confusable,https://www.carc.ox.ac.uk/Vases/SPIFF/Images200/Unatt31to45/31231.FR/cc001001.jpe,http://www.beazley.ox.ac.uk/record/23EE5F89-A1A7-4938-98B1-07BA823CE326
CDA8B2AA-4704-4B58-A64E-B325A466AFEE,confusable,https://www.carc.ox.ac.uk/Vases/SPIFF/Images200/Unatt16to30/31238.FRR/cc001001.jpe,http://www.beazley.ox.ac.uk/record/00AABD05-0A0C-4D3A-9525-1271A4129841
FC8E14E1-E4A9-4B68-A0ED-98F9AC9CFDF6,confusable,https://www.carc.ox.ac.uk/Vases/SPIFF/Images200/SP05/CVA.SP05.187.8/cc001001.jpe,http://www.beazley.ox.ac.uk/record/5B7F6C77-2907-4C02-9AC3-23B2FAE0B684
F0FA4C60-7140-4C4C-9882-BEAF44F7EECC,confusable,https://www.carc.ox.ac.uk/Vases/SPIFF/Images200/Unatt16to30/31496.AB/cc001001.jpe,http://www.beazley.ox.ac.uk/record/317B099A-3375-4707-BE9E-D7C8090EC111
539A1D77-4F04-4FB2-AB6B-234D5BB930EE,confusable,https://www.carc.ox.ac.uk/Vases/SPIFF/Images200/Unatt01/31502.FR/cc001001.jpe,http://www.beazley.ox.ac.uk/record/D6A7CF1D-465A-4D93-BC41-2FFC2308584A
79EC3646-EF6B-4B07-814D-607B3201945A,confusable,https://www.carc.ox.ac.uk/Vases/SPIFF/Images200/SP05/CVA.SP05.187.4/cc001001.jpe,http://www.beazley.ox.ac.uk/record/B0CD84F7-7C60-474B-9AC6-0F56B633D47C
9E0AE207-4B31-4D3E-B2BD-F44B54160451,confusable,https://www.carc.ox.ac.uk/Vases/SPIFF/Images200/Unatt46to60/32344.FR/cc001001.jpe,http://www.beazley.ox.ac.uk/record/033C1C38-6103-4243-8330-010E15396CC0
002E1C36-C02D-4B85-A901-74F20A2439EA,confusable,https://www.carc.ox.ac.uk/Vases/SPIFF/Images200/USA25/CVA.USA25.1291.3/cc001001.jpe,http://www.beazley.ox.ac.uk/record/C3D824C2-ED25-4D85-A3BB-B81E646A81EA
E9C98CBF-47C3-4306-8B36-090B8F26E365,confusable,https://www.carc.ox.ac.uk/Vases/SPIFF/Images200/Unatt46to60/41652.BD1/cc001001.jpe,http://www.beazley.ox.ac.uk/record/1F385514-6CB9-4C2C-8AEB-31D362D57593
0435514C-50C7-4839-B477-CCA559053D8B,confusable,https://www.carc.ox.ac.uk/Vases/SPIFF/Images200/Unatt31to45/42173.BD1/cc001001.jpe,http://www.beazley.ox.ac.uk/record/4CA1A705-E311-4A30-8C13-E0D67C07D3B9
85FA5DBD-A00A-46EB-A891-039073FA535D,confusable,https://www.carc.ox.ac.uk/Vases/SPIFF/E3D30230FA794C35A5E3DDBEFCBEA3A7/cc001001.jpe,http://www.beazley.ox.ac.uk/record/9506B5BC-5377-45F1-9A6B-8792680329B3
BDF223A6-7B4C-4143-8AB1-9CBEB37196E4,confusable,https://www.carc.ox.ac.uk/Vases/SPIFF/Images200/RUS01/CVA.RUS01.62.4/cc001001.jpe,http://www.beazley.ox.ac.uk/record/973FA6B3-0CDE-4A37-BD5B-CEA67D3D52E5
D3F8D08A-174F-4532-BD04-CA2E63E81996,confusable,https://www.carc.ox.ac.uk/Vases/SPIFF/Images200/RUS01/CVA.RUS01.48.1/cc001001.jpe,http://www.beazley.ox.ac.uk/record/E8B43162-6D7F-4CDF-9741-F31763317FF3
C8206547-A81F-4C22-BBD1-22EC2C41C410,confusable,https://www.carc.ox.ac.uk/Vases/SPIFF/Images200/GR04/CVA.GR04.207.4/cc001001.jpe,http://www.beazley.ox.ac.uk/record/BFB19675-5B23-460B-9633-E2A9E1D36CFA
4ECFC2ED-73D5-4BDF-A2F7-B96514D18F8C,confusable,https://www.carc.ox.ac.uk/Vases/SPIFF/Images200/ABV1/46909.BD1/cc001001.jpe,http://www.beazley.ox.ac.uk/record/A40A3389-8A1C-4B4D-8F89-8712D03D827D
61C61FF0-ED74-4FDD-93F3-C1B7551C18B1,confusable,https://www.carc.ox.ac.uk/Vases/SPIFF/Images200/12012015/46912/cc001001.jpe,http://www.beazley.ox.ac.uk/record/9DF51346-5872-488F-8548-FD5E2A7678E0
7203F73D-4D9C-4A7B-B0EC-C937ECCA16A7,confusable,https://www.carc.ox.ac.uk/Vases/SPIFF/Images200/ABV175to209/46923.BD1/cc001001.jpe,http://www.beazley.ox.ac.uk/record/1590E8C7-BED7-4F72-89B6-29B4A68A4F38
FC45974B-2899-4EF0-AE6F-65013DC22B5A,confusable,https://www.carc.ox.ac.uk/Vases/SPIFF//Images200/020121/46983.B/cc001001.jpe,http://www.beazley.ox.ac.uk/record/DBD4E54F-4265-42B7-8040-AF4C8016113D
225A1306-E47D-498F-80AB-3C46AF0290F6,confusable,https://www.carc.ox.ac.uk/Vases/SPIFF/Images100/203/203100.BD1/cc001001.jpe,http://www.beazley.ox.ac.uk/record/C669348B-EE31-42B5-9661-7742625C6BA4
875EF5C1-73BA-4AB5-86EC-9310D308B5E0,confusable,https://www.carc.ox.ac.uk/Vases/SPIFF/Images200/010516/275003.FR/cc001001.jpe,http://www.beazley.ox.ac.uk/record/19B8674D-EBDF-4C5D-92D3-EA853EB74997
C127BA8B-1D38-41B0-806B-E04A63FC2116,confusable,https://www.carc.ox.ac.uk/Vases/SPIFF/Images100/010115/275633.DRAW/cc001001.jpe,http://www.beazley.ox.ac.uk/record/0C2758D9-76C8-49AF-B7EB-CCF2CB67B2C8
B0C0A051-7440-4B24-9262-3ADEF6C02412,confusable,https://www.carc.ox.ac.uk/Vases/SPIFF/Images100/001124/300006.A1/cc001001.jpe,http://www.beazley.ox.ac.uk/record/A7F87689-9702-497D-9173-BFCB59EBCC31
82441FBF-86E2-4032-ABFC-82CE2EE4CE05,confusable,https://www.carc.ox.ac.uk/Vases/SPIFF/Images100/001124/300073.FRR.DRAW/cc001001.jpe,http://www.beazley.ox.ac.uk/record/D8E27B8B-0A0C-4165-BD4D-8BA9E33CECD2
8BA38F3C-5C27-42CC-B49A-3B6D29FE0FEF,confusable,https://www.carc.ox.ac.uk/Vases/SPIFF/Images100/001124/300098.FR/cc001001.jpe,http://www.beazley.ox.ac.uk/record/390928C5-9FCD-4607-BDD9-74A8C727C192
370CBA0D-7A74-4532-92C5-D9FD9905E22C,confusable,https://www.carc.ox.ac.uk/Vases/SPIFF/Images100/001113/300161.FR/cc001001.jpe,http://www.beazley.ox.ac.uk/record/F301F1EF-32DC-4505-AFAA-9C08E195A367
BA80AFA2-D1C0-4769-9B1B-841A36DEDBC3,confusable,https://www.carc.ox.ac.uk/Vases/SPIFF/Images200/GER10/CVA.GER10.465.8/cc001001.jpe,http://www.beazley.ox.ac.uk/record/65CC4867-CCC5-4571-BC64-6ECA7BE9F94E
0778BF6B-63E3-493E-96BD-DC37D777E8DA,confusable,https://www.carc.ox.ac.uk/Vases/SPIFF/Images200/GER03/CVA.GER03.095.1/cc001001.jpe,http://www.beazley.ox.ac.uk/record/C31FDB11-65B4-4729-B4BB-702B4DB7B025
F8734173-FBC4-41C4-9D8C-F4E9003FB0FE,confusable,https://www.carc.ox.ac.uk/Vases/SPIFF/Images100/001113/300175.A/cc001001.jpe,http://www.beazley.ox.ac.uk/record/A5E12B72-F093-47C6-9487-159E7C6B51EC
688E7EF5-2348-411D-A9E7-109E8674236E,confusable,https://www.carc.ox.ac.uk/Vases/SPIFF/Images100/001113/300178.B/cc001001.jpe,http://www.beazley.ox.ac.uk/record/30805729-EDE1-4C39-AEDC-94A74C37BF8D
79E845F9-9D25-4982-8459-C39B61BCBFA6,confusable,https://www.carc.ox.ac.uk/Vases/SPIFF/Images100/001113/300179.B/cc001001.jpe,http://www.beazley.ox.ac.uk/record/9F247955-FF99-4921-8297-952A7B132654
99297373-B23D-4B08-BFD1-23DB68A693F4,confusable,https://www.carc.ox.ac.uk/Vases/SPIFF/Images100/001113/300180.FRR/cc001001.jpe,http://www.beazley.ox.ac.uk/record/D53FD56C-8626-4B61-AF70-AF30C2A206BA
BD627CB0-C1B8-4C42-A1E9-771DE799B6F1,confusable,https://www.carc.ox.ac.uk/Vases/SPIFF/Images100/001113/300181.FR/cc001001.jpe,http://www.beazley.ox.ac.uk/record/2B13B454-33D0-4589-94E7-3A0733085A2C
D8359F97-A479-414C-8676-305F70B45623,confusable,https://www.carc.ox.ac.uk/Vases/SPIFF//Images200/GB13/CVA.609.1/cc001001.jpe,http://www.beazley.ox.ac.uk/record/8D52228D-1390-4DDD-AFA8-C51EB3340BBD
02856E0A-637C-4DA6-B3AA-F8EDA566CCE6,confusable,https://www.carc.ox.ac.uk/Vases/SPIFF/Images100/001113/300187.A/cc001001.jpe,http://www.beazley.ox.ac.uk/record/93E32629-FB8F-487E-A89C-ABC94672E894
490C2154-79EC-41F6-B2C2-F6F7C0F84455,confusable,https://www.carc.ox.ac.uk/Vases/SPIFF/Images200/JP02/CVA.JP02.BEIL.1.1/cc001001.jpe,http://www.beazley.ox.ac.uk/record/DA39C5A0-870D-4205-B22A-E86A25063B96
026DC620-2F4F-4D5F-9DB4-E55DCD136B40,confusable,https://www.carc.ox.ac.uk/Vases/SPIFF/Images100/001113/300190.B/cc001001.jpe,http://www.beazley.ox.ac.uk/record/A371D086-F040-44FE-97CE-219C649A2917
338E1673-C43E-4E06-8F76-238CC2572E00,confusable,https://www.carc.ox.ac.uk/Vases/SPIFF/Images200/F07/CVA.F07.316.14/cc001001.jpe,http://www.beazley.ox.ac.uk/record/B3AF16C9-BD05-46F2-8FC3-C478FEE8354D
78C3449D-595F-4112-873D-CC820E2BD6E0,confusable,https://www.carc.ox.ac.uk/Vases/SPIFF/Images100/001113/300192.B/cc001001.jpe,http://www.beazley.ox.ac.uk/record/1C959387-0773-4443-B0F1-EB307FC7FC12
016A32BC-43C4-433C-AFE3-56509AE40333,confusable,https://www.carc.ox.ac.uk/Vases/SPIFF/Images100/001113/300194.A/cc001001.jpe,http://www.beazley.ox.ac.uk/record/6B3A0FC5-6BA0-44C0-AA57-A66ED6A0E7D5
F8F28961-8CB3-4B45-9742-2114F12E5F8B,confusable,https://www.carc.ox.ac.uk/Vases/SPIFF//Images200/GB13/CVA.609.2/cc001001.jpe,http://www.beazley.ox.ac.uk/record/F181D681-DE8D-4574-A92E-224F543B836D
C7FF2AF9-1B84-4CC3-8C94-A70D1506BBB4,confusable,https://www.carc.ox.ac.uk/Vases/SPIFF//Images200/GB13/CVA.609.3/cc001001.jpe,http://www.beazley.ox.ac.uk/record/94459949-EFAF-496F-8188-6E04A0F326AE
50FDC2D9-4930-408E-9BD5-D96365E81A26,confusable,https://www.carc.ox.ac.uk/Vases/SPIFF/Images100/001113/300198.A/cc001001.jpe,http://www.beazley.ox.ac.uk/record/9B88FC74-333E-4E14-B8B7-5FD0937672D9
B69B63F2-F1B2-407E-AB5B-E9317E7A64BB,confusable,https://www.carc.ox.ac.uk/Vases/SPIFF/Images100/001113/300199.A/cc001001.jpe,http://www.beazley.ox.ac.uk/record/4AEC11F5-6033-4861-955D-5FF1558221C3
086383C7-4751-4A1A-B6C0-3897F677FE38,confusable,https://www.carc.ox.ac.uk/Vases/SPIFF/Images200/IT26/CVA.IT26.1172.6/cc001001.jpe,http://www.beazley.ox.ac.uk/record/BD75DDFC-EB05-4969-93E8-794F4CF9BAA9
0D3B6593-B3DD-49C1-BC45-C31FF43439A4,confusable,https://www.carc.ox.ac.uk/Vases/SPIFF/Images200/GER03/CVA.GER03.097.3/cc001001.jpe,http://www.beazley.ox.ac.uk/record/E8D1CD07-2EB7-4C71-AEDD-A15AFB126317
F7C0AB6C-4E51-47B8-90C1-5331DE7DA4A0,confusable,https://www.carc.ox.ac.uk/Vases/SPIFF/Images200/GER03/CVA.GER03.099.3/cc001001.jpe,http://www.beazley.ox.ac.uk/record/7AAC77A0-FD74-4B6F-96BC-C685F22E17CF
C1E09176-8027-4C2A-AAD0-D2E2FFD061AC,confusable,https://www.carc.ox.ac.uk/Vases/SPIFF/Images200/IT36/CVA.IT36.1616.4/cc001001.jpe,http://www.beazley.ox.ac.uk/record/13ABFA5F-4172-4203-9A48-35CDFC352996
38CE8AFD-E30B-46B2-8216-449D378774FF,confusable,https://www.carc.ox.ac.uk/Vases/SPIFF/Images100/001113/300209.A/cc001001.jpe,http://www.beazley.ox.ac.uk/record/885C0327-066E-4522-A42E-316AA0E9B0F0
E2F07E76-A229-428C-AAE7-BBD775049F3F,confusable,https://www.carc.ox.ac.uk/Vases/SPIFF/Images200/GER45/CVA.GER45.2150.4/cc001001.jpe,http://www.beazley.ox.ac.uk/record/8DB7EC2A-778E-48B7-B484-778473DD0A65
EF9B1AF6-7270-489B-B6D2-17D9133C61F5,confusable,https://www.carc.ox.ac.uk/Vases/SPIFF/Images200/GR10/CVA.GR10.596.1/cc001001.jpe,http://www.beazley.ox.ac.uk/record/EF4FF209-4569-4AD6-9EB4-755EA80C6006
4F79D07C-9B06-4E6B-95AA-A786E8F5FC56,confusable,https://www.carc.ox.ac.uk/Vases/SPIFF/Images200/GER03/CVA.GER03.097.2/cc001001.jpe,http://www.beazley.ox.ac.uk/record/4905C56B-76B0-42DA-B120-7210F028D9A6
9C76D782-B22C-4F17-AC40-FEFC2708E996,confusable,https://www.carc.ox.ac.uk/Vases/SPIFF/Images100/001113/300215.A/cc001001.jpe,http://www.beazley.ox.ac.uk/record/6342E502-4E77-4F72-B9B7-A0BA2618EE1F
8928335F-7560-4436-93C7-EBE252D52157,confusable,https://www.carc.ox.ac.uk/Vases/SPIFF/Images100/001113/300251.A/cc001001.jpe,http://www.beazley.ox.ac.uk/record/2ED07E6F-03F2-4420-9506-C98CEE2B671F
50011644-4B4D-45A2-9A7B-ED22FE34E207,confusable,https://www.carc.ox.ac.uk/Vases/SPIFF/Images100/001113/300268.BD/cc001001.jpe,http://www.beazley.ox.ac.uk/record/F1611A8A-D83B-4F02-86B3-AFE75A2F2F7C
5592AB62-9D4C-4964-B704-B2DB83E99195,confusable,https://www.carc.ox.ac.uk/Vases/SPIFF/Images100/001113/300289.FR/cc001001.jpe,http://www.beazley.ox.ac.uk/record/C34A248A-F256-488D-858D-2B7A9D128CEC
69141BCE-1040-4252-9295-60698CA24BAB,confusable,https://www.carc.ox.ac.uk/Vases/SPIFF//Images200/GB11/CVA.500.40/cc001001.jpe,http://www.beazley.ox.ac.uk/record/1D4816A0-D73D-4917-9DD6-9F3876469FD3
88008F97-2382-4D25-B54F-96480B4E7D3D,confusable,https://www.carc.ox.ac.uk/Vases/SPIFF/Images200/F12/CVA.F12.509.4/cc001001.jpe,http://www.beazley.ox.ac.uk/record/15A3C7CD-8A0F-41CA-938C-9D29693F0B2F
C49EB19B-761E-4B4E-BEF9-4E335E0F7CFD,confusable,https://www.carc.ox.ac.uk/Vases/SPIFF/Images100/001204/300445.FR/cc001001.jpe,http://www.beazley.ox.ac.uk/record/01AA7726-A497-4BF2-8197-1960CF2D3882
82531C7A-7D83-4304-8932-1A6C436EE2AD,confusable,https://www.carc.ox.ac.uk/Vases/SPIFF/Images100/001204/300469.A/cc001001.jpe,http://www.beazley.ox.ac.uk/record/6179A088-B461-419B-903C-2BDAC258CD12
A3BD1113-ACEB-4740-A35E-C14B6CFEDA07,confusable,https://www.carc.ox.ac.uk/Vases/SPIFF/Images100/001204/300491.A/cc001001.jpe,http://www.beazley.ox.ac.uk/record/609ADED1-3224-4865-A719-F9109C667CBA
56520438-0FF7-4CA2-B4DB-615C26D38D66,confusable,https://www.carc.ox.ac.uk/Vases/SPIFF/Images100/001204/300496.LD2/cc001001.jpe,http://www.beazley.ox.ac.uk/record/6902C489-011C-4EFA-BF3A-799CF3B7EC27
75974828-15EC-4EBE-9140-0FF4A85159D8,confusable,https://www.carc.ox.ac.uk/Vases/SPIFF/Images100/001204/300503.BD2/cc001001.jpe,http://www.beazley.ox.ac.uk/record/C5CA9631-C53E-4379-98F4-2F14BED0E4E6
DB9612EC-FA9F-4607-9FFE-8592E10237F7,confusable,https://www.carc.ox.ac.uk/Vases/SPIFF/Images100/001204/300534.FR/cc001001.jpe,http://www.beazley.ox.ac.uk/record/C2518564-F72A-4AE3-8F92-933A1EC75569
5FA79BCF-DB3F-4934-8B46-70EC68DD65C4,confusable,https://www.carc.ox.ac.uk/Vases/SPIFF/Images100/001204/300536.I/cc001001.jpe,http://www.beazley.ox.ac.uk/record/AFACC7BD-C858-4713-BCE0-EED4835A3C4A
0404D302-83F7-48CA-9D65-7B9AF5396724,confusable,https://www.carc.ox.ac.uk/Vases/SPIFF/Images100/001204/300621.B/cc001001.jpe,http://www.beazley.ox.ac.uk/record/BD8BD4C3-63B4-4946-A1B5-50EE64E512AD
C20CBB96-FFF6-4A97-9D4D-D4CEC5A8E3A6,confusable,https://www.carc.ox.ac.uk/Vases/SPIFF/Images100/001124/300763.FRR2/cc001001.jpe,http://www.beazley.ox.ac.uk/record/D21EE35D-D445-4407-A4F1-5F0A4670DD50
57952D6A-906C-44B2-B044-15F8113D0F59,confusable,https://www.carc.ox.ac.uk/Vases/SPIFF/Images100/001124/300767.FR2/cc001001.jpe,http://www.beazley.ox.ac.uk/record/FFB8752B-8ECB-4A4F-A9B5-FCB850BC99A6
33CE350E-E7AA-41FD-A870-7F762A0645B2,random,https://www.carc.ox.ac.uk/Vases/SPIFF/Images200/IT36/CVA.IT36.1630.3/cc001001.jpe,http://www.beazley.ox.ac.uk/record/4B5B5613-D556-46C7-9E0F-A8D7556E9EEE
41AD2B06-8B7B-49B7-AE0E-1631FDA6EE79,random,https://www.carc.ox.ac.uk/Vases/SPIFF/Images200/CZE02/CVA.CZE02.097.4/cc001001.jpe,http://www.beazley.ox.ac.uk/record/DEE57087-D311-41FB-8359-A4CAA7D76440
C31924BB-ABAA-4C1D-AD35-36B9CD631C51,random,https://www.carc.ox.ac.uk/Vases/SPIFF/Images200/010516/301663.B/cc001001.jpe,http://www.beazley.ox.ac.uk/record/4D770194-CDD2-4FE1-828D-3F0FB3BC8FA0
F74829C3-6922-449C-A006-C6E7DEBF3FF8,random,https://www.carc.ox.ac.uk/Vases/SPIFF//Images200/020121/340612.BD1/cc001001.jpe,http://www.beazley.ox.ac.uk/record/2F9635F1-3838-4F62-958B-5C6EE607F0FB
486FE27A-1B62-481C-8573-82227F219DD3,random,https://www.carc.ox.ac.uk/Vases/SPIFF//Images200/020121/330182.BD/cc001001.jpe,http://www.beazley.ox.ac.uk/record/02E9C7A3-20C3-40FC-843B-A7AE29763227
307D196D-5807-4CA1-9A11-413D20CB1D1F,random,https://www.carc.ox.ac.uk/Vases/SPIFF//Images200/020121/330686.BD1/cc001001.jpe,http://www.beazley.ox.ac.uk/record/CEFB84F9-04E3-446B-A73C-7D103B3DBE61
B7AAA257-5965-478E-9542-3BE1B6A67EDD,random,https://www.carc.ox.ac.uk/Vases/SPIFF/Images200/011012/303020.A/cc001001.jpe,http://www.beazley.ox.ac.uk/record/81900E64-4010-4D7A-871B-E7D13B727507
80390A2B-EACB-4EAD-B75F-1FD85AB185E7,random,https://www.carc.ox.ac.uk/Vases/SPIFF/Images100/001211/310208.FR/cc001001.jpe,http://www.beazley.ox.ac.uk/record/71CDA0E0-0B02-4524-BECF-9750843E101C
967D62F9-F73A-4976-8164-BFF11B9A1FCD,random,https://www.carc.ox.ac.uk/Vases/SPIFF/Images200/ABV175to209/361125.BD/cc001001.jpe,http://www.beazley.ox.ac.uk/record/B9033934-FC1D-4868-BE4A-9091133C0826
6B45D78B-4336-4904-AA38-4889860F30BF,random,https://www.carc.ox.ac.uk/Vases/SPIFF/Images200/GB14/CVA.655.5/cc001001.jpe,http://www.beazley.ox.ac.uk/record/84A10416-56E4-4E69-93B4-225407C9C5A0
7BFF7F6D-F42E-4BEA-BED4-F1FB6DFB57ED,random,https://www.carc.ox.ac.uk/Vases/SPIFF/Images200/GER47/CVA.GER47.2275.1/cc001001.jpe,http://www.beazley.ox.ac.uk/record/4E2E60FF-2698-4E33-B92C-A17BA80B8DAA
71EA750A-6B04-4147-8C56-F07057D1E063,random,https://www.carc.ox.ac.uk/Vases/SPIFF/Images200/Misc Bonhams/9030331.1/cc001001.jpe,http://www.beazley.ox.ac.uk/record/E9565937-44E6-46CC-AFC4-4E6D09C95E69
445435EC-BA0F-4606-82A3-3B31CDA7AC96,random,https://www.carc.ox.ac.uk/Vases/SPIFF/Images100/001113/300741.FRR/cc001001.jpe,http://www.beazley.ox.ac.uk/record/66E1D31D-66D4-4F1A-A1F0-850834066FDC
FE70CB99-BB04-4129-885D-49AD19BADE7E,random,https://www.carc.ox.ac.uk/Vases/SPIFF/Images200/010913/351263.A/cc001001.jpe,http://www.beazley.ox.ac.uk/record/3A190963-F1FC-43A2-83BA-D6E5FF2A7FD5
077A2B81-245B-433F-96A5-B3C17F315D33,random,https://www.carc.ox.ac.uk/Vases/SPIFF/Images200/ABV175to209/361096.BD/cc001001.jpe,http://www.beazley.ox.ac.uk/record/767EA53B-2712-48FE-93ED-DBCFCEDE8F50
D9574B3F-36FC-49CD-8EE7-BF03425421CA,random,https://www.carc.ox.ac.uk/Vases/SPIFF/Images200/ABV175to209/361106.BD/cc001001.jpe,http://www.beazley.ox.ac.uk/record/9A4DF9F4-6B25-4753-BB13-149E924CAC84
FDE72DE8-D695-4F23-A707-3FA7011BDD5D,random,https://www.carc.ox.ac.uk/Vases/SPIFF//Images200/020121/361412.B/cc001001.jpe,http://www.beazley.ox.ac.uk/record/E4169AEE-EAEB-4682-AAC4-CC9E83050AB6
EB1AB37F-4F4D-47C4-8607-90243EAA96BB,random,https://www.carc.ox.ac.uk/Vases/SPIFF/Images200/SP05/CVA.SP05.185.1/cc001001.jpe,http://www.beazley.ox.ac.uk/record/80598D68-08A8-4B5A-8FC3-6F96AC3B1EA9
90CD5422-A2E0-486F-93F3-7A1EACEAAED8,random,https://www.carc.ox.ac.uk/Vases/SPIFF/Images200/USA19/CVA.USA19.942.12/cc001001.jpe,http://www.beazley.ox.ac.uk/record/C08786F5-C774-46CD-AE06-BDC9A058D557
DDB5CA17-0259-4166-AEB2-30E97EE489AA,random,https://www.carc.ox.ac.uk/Vases/SPIFF/Images200/IT20/CVA.IT20.945.6/cc001001.jpe,http://www.beazley.ox.ac.uk/record/28273CF2-DF57-4790-BEEB-8902BA0FF50E
B9B44F88-60E9-4FFD-9F5D-53CDDA35D0DB,random,https://www.carc.ox.ac.uk/Vases/SPIFF/Images100/001109/7306.IPH.B/cc001001.jpe,http://www.beazley.ox.ac.uk/record/A419B597-A57C-4A8D-8EB2-E011A7E581B9
E11A5E40-7E77-4E1F-AEFA-D24F5224FB9D,random,https://www.carc.ox.ac.uk/Vases/SPIFF//Images200/020121/351431.BD/cc001001.jpe,http://www.beazley.ox.ac.uk/record/BA48390C-8E5D-4030-B053-7D20977ADF77
4D6B3011-6C98-4ADB-A002-1607CEB88101,random,https://www.carc.ox.ac.uk/Vases/SPIFF/Images200/F08/CVA.F08.355.17/cc001001.jpe,http://www.beazley.ox.ac.uk/record/92445F9E-7730-4943-862A-5D81C6F98C1F
FC29C87A-9930-44B6-8EC4-8B6361AE458D,random,https://www.carc.ox.ac.uk/Vases/SPIFF/Images200/010502/320127.A/cc001001.jpe,http://www.beazley.ox.ac.uk/record/FB08A856-8907-4A4A-92A3-284136BA032C
F0E5150D-0A4E-4717-8453-BBCB87AEE5CE,random,https://www.carc.ox.ac.uk/Vases/SPIFF//Images200/020121/390398.FR/cc001001.jpe,http://www.beazley.ox.ac.uk/record/66D30C0F-E1F8-4AF8-8367-B63EDFCB2857
33429A25-EE33-4D9D-B2D6-3E3242A48F26,random,https://www.carc.ox.ac.uk/Vases/SPIFF/Images200/RUM02/CVA.RUM02.063.8/cc001001.jpe,http://www.beazley.ox.ac.uk/record/7BD3BAF2-0D14-4AA3-982B-FB5A61B47614
8B56CEB0-CB9A-42ED-B9FC-9D8B59FFE372,random,https://www.carc.ox.ac.uk/Vases/SPIFF/Images200/IT48/CVA.IT48.2128.6/cc001001.jpe,http://www.beazley.ox.ac.uk/record/57DE3361-DEC0-40B3-ABDB-18F33E29E648
BC0A1023-CF52-4FCA-8E9E-7F8310CD2691,random,https://www.carc.ox.ac.uk/Vases/SPIFF/Images100/001211/7129.A/cc001001.jpe,http://www.beazley.ox.ac.uk/record/66D7B45D-F439-44D2-A0C7-E3CD1E9E93F9
DC151FD0-0ECC-4F0F-9DCA-BEC426955DAE,random,https://www.carc.ox.ac.uk/Vases/SPIFF/Images200/010502/24063.A/cc001001.jpe,http://www.beazley.ox.ac.uk/record/5E9187AD-9B90-4A5B-BCEC-B2C5618F51DA
615DA6D6-D0B7-4F2B-B41F-6AB550DF87B8,random,https://www.carc.ox.ac.uk/Vases/SPIFF/Images200/Unatt46to60/7700.BD/cc001001.jpe,http://www.beazley.ox.ac.uk/record/F3433991-A858-419A-B1CA-3D8AA10B59C3
CD823164-8F28-495B-9C55-F851DAEB85B7,random,https://www.carc.ox.ac.uk/Vases/SPIFF/Images200/IT26/CVA.IT26.1181.1/cc001001.jpe,http://www.beazley.ox.ac.uk/record/94C4AEE4-F4C0-4A23-A2A7-C460D4840F73
B484C200-F7EE-425A-89CC-D9E136A80EF1,random,https://www.carc.ox.ac.uk/Vases/SPIFF/Images100/001204/301749.A.X/cc001001.jpe,http://www.beazley.ox.ac.uk/record/9AC30F41-FBFC-4D60-A394-ED43C0CF70E7
147FD26F-ABCB-4E6F-B5E9-B07D975AADFC,random,https://www.carc.ox.ac.uk/Vases/SPIFF/Images200/IT59/CVA.IT59.2606.2/cc001001.jpe,http://www.beazley.ox.ac.uk/record/4E7A2908-C309-40DA-AF22-765C967A05BC
0870A907-1F46-4D04-BA94-530634D95533,random,https://www.carc.ox.ac.uk/Vases/SPIFF/Images200/SWZ04/CVA.SWZ04.177.3/cc001001.jpe,http://www.beazley.ox.ac.uk/record/6381FE4C-6C51-4450-B9C2-5B9EE7ABFCE6
AE597D09-DC44-4DAE-9BC4-B5F269907336,random,https://www.carc.ox.ac.uk/Vases/SPIFF/Images200/GB05/CVA.212.2b/cc001001.jpe,http://www.beazley.ox.ac.uk/record/41F6ACEC-7235-42CD-8CD1-43B34452851F
F352C1D1-843A-41CD-96AF-C3F3A76E6978,random,https://www.carc.ox.ac.uk/Vases/SPIFF/Images200/USA19/CVA.USA19.940.3/cc001001.jpe,http://www.beazley.ox.ac.uk/record/C5952E14-F398-47A4-922D-2E265D0A03EC
89A18229-6DAE-47B5-BD91-95FF1B882C0D,random,https://www.carc.ox.ac.uk/Vases/SPIFF/Images200/GER04/CVA.GER04.156.13/cc001001.jpe,http://www.beazley.ox.ac.uk/record/43540997-B8EE-439A-BD75-F40143475184
EC96C3B9-21F9-4D51-AB4B-D93DE30BAAE7,random,https://www.carc.ox.ac.uk/Vases/SPIFF/Images200/Unatt16to30/5189.A/cc001001.jpe,http://www.beazley.ox.ac.uk/record/E189B7F3-4F78-4D4D-B06A-7A17DB539FAE
AD02CE87-F879-4901-959D-15D8CE20C43F,random,https://www.carc.ox.ac.uk/Vases/SPIFF/Images200/010813/301856.PART/cc001001.jpe,http://www.beazley.ox.ac.uk/record/35DC7EC9-159E-46BD-BC10-5BA831C1B093
80EA93C2-7B35-4FCB-8E24-1563B582C943,random,https://www.carc.ox.ac.uk/Vases/SPIFF/Images100/001211/310355/cc001001.jpe,http://www.beazley.ox.ac.uk/record/BF9A8EAB-FD6F-4EF5-963A-8951CB8153F9
D5A325E7-F68B-477A-B5BD-88F2397DA26C,random,https://www.carc.ox.ac.uk/Vases/SPIFF/Images200/F13/CVA.F13.551.5/cc001001.jpe,http://www.beazley.ox.ac.uk/record/2B2F2B65-1E38-4866-8DA5-D8E926869B15
11C5188C-D031-4927-BEAA-A2EE478E434D,random,https://www.carc.ox.ac.uk/Vases/SPIFF/Images100/010227/340418.B/cc001001.jpe,http://www.beazley.ox.ac.uk/record/C3D7495B-EBBB-4575-946D-2094CE6897D5
0D2E2B06-22F9-468B-BF40-C5ACF237464F,random,https://www.carc.ox.ac.uk/Vases/SPIFF/Images200/IT17/CVA.IT17.808.1/cc001001.jpe,http://www.beazley.ox.ac.uk/record/770C09AD-5DCD-4DC0-B7DC-5902192D01EE
8592A309-1A31-4C2E-9A30-58C49FCF20AE,random,https://www.carc.ox.ac.uk/Vases/SPIFF/Images100/001124/300082.FR/cc001001.jpe,http://www.beazley.ox.ac.uk/record/3E6529D4-3706-4F4D-97A4-82FBD672ED4C
C65BF5BD-DB62-428B-BC58-C424A11A384D,random,https://www.carc.ox.ac.uk/Vases/SPIFF/Images200/BF HYDRIAI MtoO/3411.BD/cc001001.jpe,http://www.beazley.ox.ac.uk/record/36E54457-135F-4425-B58E-FCF4B4079C01
ABE21DE0-A0C4-4588-B285-B55EA2ED6AAF,random,https://www.carc.ox.ac.uk/Vases/SPIFF/Images200/GER24/CVA.GER24.1154.1/cc001001.jpe,http://www.beazley.ox.ac.uk/record/186BEA1B-2EF8-49DD-97DA-7DCA095B710B
34AE6410-AFB7-45DA-8036-324A751B45F4,random,https://www.carc.ox.ac.uk/Vases/SPIFF/Images200/GER24/CVA.GER24.1165.2/cc001001.jpe,http://www.beazley.ox.ac.uk/record/22C3A247-3DAC-4083-8E20-AAB7D70B025A
9AFBB1D8-A05E-4A2A-950B-8FBE16EF8014,random,https://www.carc.ox.ac.uk/Vases/SPIFF/Images200/GB05/CVA.215.3b/cc001001.jpe,http://www.beazley.ox.ac.uk/record/9766948B-0D10-449B-A370-C19C4C683EC6
9424FA23-4F75-49DC-969A-475DF30AB577,random,https://www.carc.ox.ac.uk/Vases/SPIFF/E458E9E32F3941E4ACBB5AA73B18FB50/cc001001.jpe,http://www.beazley.ox.ac.uk/record/73B06A61-3C62-4143-B3B1-6BFA85840DBA
436DFA02-6DC2-42F7-9B9C-8CE70B7ACB6F,random,https://www.carc.ox.ac.uk/Vases/SPIFF/Images200/GR01/CVA.GR01.009.2/cc001001.jpe,http://www.beazley.ox.ac.uk/record/D47E9415-35C8-452A-B7C2-E8B2F67E0FA3
617EBD45-FF00-4D34-9A26-6AB9A44ACCD6,random,https://www.carc.ox.ac.uk/Vases/SPIFF/Images200/IT40/CVA.IT40.1800.4/cc001001.jpe,http://www.beazley.ox.ac.uk/record/D57E4064-C57B-4903-8321-F076D65C224F
5872B6E8-6F67-4F09-BF35-672ACD26468E,random,https://www.carc.ox.ac.uk/Vases/SPIFF/Images200/ABV210toX1/306989.BD1/cc001001.jpe,http://www.beazley.ox.ac.uk/record/8E6A375B-D439-4725-A8B1-D7D8765D6027
58209A27-AE67-4761-B8B9-E1275D1ACFEB,random,https://www.carc.ox.ac.uk/Vases/SPIFF/Images200/ABV175to209/351675.BD/cc001001.jpe,http://www.beazley.ox.ac.uk/record/171FF44C-6233-4834-8698-61EC6A7748A7
0423B602-4167-4882-8B0B-EBC1608EC1D8,random,https://www.carc.ox.ac.uk/Vases/SPIFF/Images200/010707/351067.BD/cc001001.jpe,http://www.beazley.ox.ac.uk/record/295B958B-BE56-4301-99F1-BEE4EFD9916B
1DB535FD-969F-4AF0-B975-BF6FF7B2EEE5,random,https://www.carc.ox.ac.uk/Vases/SPIFF/Images200/010516/340500.A/cc001001.jpe,http://www.beazley.ox.ac.uk/record/2DC16427-68DE-4D1E-8528-17AC9FAD3942
69583394-3323-4994-98BC-5BAD5C7F2F45,random,https://www.carc.ox.ac.uk/Vases/SPIFF/Images200/GER25/CVA.GER25.1203.1/cc001001.jpe,http://www.beazley.ox.ac.uk/record/7F241940-C048-4680-BCE1-FC36000C5381
9521BDEC-F6D8-4882-8CFB-FB1B6A11EB34,random,https://www.carc.ox.ac.uk/Vases/SPIFF/Images200/NOR01/CVA.NOR01.31.2/cc001001.jpe,http://www.beazley.ox.ac.uk/record/42656D06-1629-4B40-A19C-D073B05C41AA
A07D5F76-5ADE-4694-A68C-71E00A992D51,random,https://www.carc.ox.ac.uk/Vases/SPIFF/Images200/BF AMPHORAE TYPE B O-R/24123.A1/cc001001.jpe,http://www.beazley.ox.ac.uk/record/8E8AEB27-931A-4247-8084-0688D04A8E9C
1CF344A0-DF06-49BA-8DCD-21B78AB51547,random,https://www.carc.ox.ac.uk/Vases/SPIFF/Images200/010707/301693.B/cc001001.jpe,http://www.beazley.ox.ac.uk/record/ADAE3655-36C7-4E84-89EA-C1CB778616DE
FE62E21E-D927-4358-87F7-E6E4FEE490D4,random,https://www.carc.ox.ac.uk/Vases/SPIFF/Images200/2012015/12966.1/cc001001.jpe,http://www.beazley.ox.ac.uk/record/AC06D3EC-7770-4F3E-9034-1271B866B6F4
1C0F5C7A-B4C4-46C0-B95C-D51A15D6D5D5,random,https://www.carc.ox.ac.uk/Vases/SPIFF/Images200/GR10/CVA.GR10.659.3/cc001001.jpe,http://www.beazley.ox.ac.uk/record/4B66C5EC-99EC-4BC5-AAC0-BFAC72CD4F4B
F71CFA17-B878-4E4B-A643-D444B41E0285,random,https://www.carc.ox.ac.uk/Vases/SPIFF/Images200/Unatt31to45/41554.BD1/cc001001.jpe,http://www.beazley.ox.ac.uk/record/B4B29432-1A85-4081-9721-4B707F533AB7
D99B36FE-E360-49B8-AE35-6C2B34708717,random,https://www.carc.ox.ac.uk/Vases/SPIFF/Images200/010707/301848.SH/cc001001.jpe,http://www.beazley.ox.ac.uk/record/0C20E16D-3AB4-4FA9-98E9-B3606D5E37B4
F1091552-7049-41B3-A3AB-835305C75670,random,https://www.carc.ox.ac.uk/Vases/SPIFF/Images200/ABV210toX1/352233.A/cc001001.jpe,http://www.beazley.ox.ac.uk/record/BF7C4729-3F60-4C45-8FD2-2246ED5336B1
467C10B4-F003-41DA-96B6-1A3B89E61930,random,https://www.carc.ox.ac.uk/Vases/SPIFF/Images200/NL04/CVA.NL04.191.7/cc001001.jpe,http://www.beazley.ox.ac.uk/record/109E6B18-404B-4424-97B6-75525AE98311
7564F57E-D77D-4484-AD05-9CA1D576334C,random,https://www.carc.ox.ac.uk/Vases/SPIFF//Images200/020121/361429.BD1/cc001001.jpe,http://www.beazley.ox.ac.uk/record/6C6F7B59-33F4-4BDD-AA0F-19EC66D43553
25381109-D113-4AAA-B944-A3E251AC72F2,random,https://www.carc.ox.ac.uk/Vases/SPIFF//Images200/GB16/CVA.727.1/cc001001.jpe,http://www.beazley.ox.ac.uk/record/1A5EB162-D083-422F-9902-45CCC99434A2
0CEB1A03-6FD6-47B7-925B-0F85754CB75B,random,https://www.carc.ox.ac.uk/Vases/SPIFF/Images200/ABV175to209/361237.BD/cc001001.jpe,http://www.beazley.ox.ac.uk/record/89CDA8A8-78AC-4A16-BF57-4B7E9B3D9F7B
3F57BA59-FCFF-4084-9273-017CB897B618,random,https://www.carc.ox.ac.uk/Vases/SPIFF/Images100/001211/350431.B/cc001001.jpe,http://www.beazley.ox.ac.uk/record/A4B01C59-89F0-4616-A8C4-E1F200D0AC25
388D0D69-CAD4-4B14-9143-371676607767,random,https://www.carc.ox.ac.uk/Vases/SPIFF/Images200/POL04/CVA.POL04.156.6/cc001001.jpe,http://www.beazley.ox.ac.uk/record/F5B58968-8A0B-4EBF-B551-416F532C0980
2AEA4421-78C0-4790-AF08-2D6CC2FEB7A2,random,https://www.carc.ox.ac.uk/Vases/SPIFF/Images200/010516/320358.3/cc001001.jpe,http://www.beazley.ox.ac.uk/record/21AFD8A8-0C65-4C18-85E6-71EEE574C42F
E687A280-BD86-4DF9-920A-67675AF7DFAE,random,https://www.carc.ox.ac.uk/Vases/SPIFF/Images200/GR04/CVA.GR04.176.1/cc001001.jpe,http://www.beazley.ox.ac.uk/record/52D3DE40-AC9E-40D5-818B-A27415D40034
484D75BC-9065-4F26-9ECA-87CF98D98C8F,random,https://www.carc.ox.ac.uk/Vases/SPIFF/Images200/GER05/CVA.GER05.200.5/cc001001.jpe,http://www.beazley.ox.ac.uk/record/E8CFB28B-2A1D-489C-9562-D96E73A215CE
9019619D-19A6-42C2-9048-4F6540E720C8,random,https://www.carc.ox.ac.uk/Vases/SPIFF/Images100/001211/301046.B/cc001001.jpe,http://www.beazley.ox.ac.uk/record/7FF0BFF5-F277-4FD3-B87C-BC7DC975DB10
D5B7B6F0-DA9C-43B9-B3D1-7953CD56FA4F,random,https://www.carc.ox.ac.uk/Vases/SPIFF/Images200/Unatt31to45/25789.A/cc001001.jpe,http://www.beazley.ox.ac.uk/record/A194F109-149C-43FA-AAC8-A2A7B6013676
12025283-68D4-4E53-AE11-A975DA161372,random,https://www.carc.ox.ac.uk/Vases/SPIFF/Images200/POL01/CVA.POL01.011.2C/cc001001.jpe,http://www.beazley.ox.ac.uk/record/E7D60D00-C17A-4CF0-926E-372455181505
1B187CE1-26BC-4AEE-9C4D-3F9546C9B781,random,https://www.carc.ox.ac.uk/Vases/SPIFF/Images200/Unatt46to60/632.A/cc001001.jpe,http://www.beazley.ox.ac.uk/record/B6DCC7A4-1EAD-461C-9932-02131A71C391
E3F6CD31-91CA-471D-91D4-83C7C3C46B8D,random,https://www.carc.ox.ac.uk/Vases/SPIFF/Images200/GER17/CVA.GER17.809.2/cc001001.jpe,http://www.beazley.ox.ac.uk/record/AF5A6893-4B2E-4CD1-B4DA-AEF00B176D20
D40DCE5A-2862-4C90-BD44-90EF913D9ED8,random,https://www.carc.ox.ac.uk/Vases/SPIFF/Images200/SWZ03/CVA.SWZ03.130.1/cc001001.jpe,http://www.beazley.ox.ac.uk/record/3BAE57DC-C7D8-49B3-AAD3-96AB7C5D7D98
08E09945-64C8-4B33-B116-191E6C420F29,random,https://www.carc.ox.ac.uk/Vases/SPIFF/Images100/010227/340227.FR/cc001001.jpe,http://www.beazley.ox.ac.uk/record/C234B8FB-8B4F-433D-8649-247DB8DB2A53
D59A345B-B3C5-49DC-BE31-3F930E95C61F,random,https://www.carc.ox.ac.uk/Vases/SPIFF/Images200/SP03/CVA.SP03.110.8/cc001001.jpe,http://www.beazley.ox.ac.uk/record/FA0C4ECC-A24A-4E11-8E23-5DF6FFEAEF19
C398A8C5-A737-4A44-BF52-4CF34489EB6B,random,https://www.carc.ox.ac.uk/Vases/SPIFF/Images200/Unatt31to45/30832.FR/cc001001.jpe,http://www.beazley.ox.ac.uk/record/864A72E0-9609-4C67-815B-FDCC2EA31C71
E376E227-2BBB-46DE-AE63-E1F12D17EF62,random,https://www.carc.ox.ac.uk/Vases/SPIFF/Images200/GER07/CVA.GER07.308.5/cc001001.jpe,http://www.beazley.ox.ac.uk/record/C167EC69-D815-4AF9-BFBA-D39366775BB1
8156C962-2881-42C0-8D47-88C5500C249B,random,https://www.carc.ox.ac.uk/Vases/SPIFF/Images200/F17/CVA.F17.730.6/cc001001.jpe,http://www.beazley.ox.ac.uk/record/A019D85D-E73C-43F8-A1A6-DAFA56469A5A
571713AC-20C3-4B9A-B7CC-C977156643A5,random,https://www.carc.ox.ac.uk/Vases/SPIFF/Images200/GR04/CVA.GR04.192.3/cc001001.jpe,http://www.beazley.ox.ac.uk/record/C643CD26-B0B6-4B77-A874-2DFFA28402C0
C59D50FD-F527-4CBA-BFC6-673B7A0F3002,random,https://www.carc.ox.ac.uk/Vases/SPIFF/Images200/SianaMZ/505.AB1/cc001001.jpe,http://www.beazley.ox.ac.uk/record/45FE397E-F21B-4C9A-B706-2C5C8ACCBF84
C6072C5B-0898-466B-9055-E248D127E89C,random,https://www.carc.ox.ac.uk/Vases/SPIFF/Images200/010707/301836.A/cc001001.jpe,http://www.beazley.ox.ac.uk/record/57D059E2-EE3E-4B53-855A-1FE6F61CBD6E
0F1531BF-E41F-4C09-A976-A09B5FF9E4A3,random,https://www.carc.ox.ac.uk/Vases/SPIFF/Images200/GER101/CVA.GER101.5056.5/cc001001.jpe,http://www.beazley.ox.ac.uk/record/89FA55D3-A5AD-4C29-8275-B00008A886E0
9877D14E-3750-4DAC-9AB5-8065DD6B5EC3,random,https://www.carc.ox.ac.uk/Vases/SPIFF/Images200/SWZ02/CVA.SWZ02.61.18/cc001001.jpe,http://www.beazley.ox.ac.uk/record/F7936BB0-2EE7-4210-8B7A-F4AF3D8399D2
4267FD8F-351D-44F4-A73F-E0673CC146D8,random,https://www.carc.ox.ac.uk/Vases/SPIFF/Images200/14112014/5724.1/cc001001.jpe,http://www.beazley.ox.ac.uk/record/3FAF99CB-BD1E-45DE-A6E6-EE2E9E1B9F1E
1DCE17C6-F4F3-4122-9770-CDEE0EF831E6,random,https://www.carc.ox.ac.uk/Vases/SPIFF/Images200/GER03/CVA.GER03.119.4/cc001001.jpe,http://www.beazley.ox.ac.uk/record/B01E0EE5-3F61-4CCD-9301-48AD7CA2B696
AAC609AA-CF3E-43F1-B64A-350881490DD9,random,https://www.carc.ox.ac.uk/Vases/SPIFF/Images200/ABV1/360964.BD1/cc001001.jpe,http://www.beazley.ox.ac.uk/record/A451FEB2-D550-478C-BD1B-1028D05A126F
D431F471-97C5-4D08-8AF5-6ACFBE7744AB,random,https://www.carc.ox.ac.uk/Vases/SPIFF/Images200/010516/24336.2/cc001001.jpe,http://www.beazley.ox.ac.uk/record/67E5DC2B-41BF-46D0-B02C-02877F773DF0
CC964C3A-6B8B-4E52-840D-C1C8C5CF7302,random,https://www.carc.ox.ac.uk/Vases/SPIFF/Images200/GER17/CVA.GER17.820.7/cc001001.jpe,http://www.beazley.ox.ac.uk/record/6783EC4C-DD18-44C6-B05D-F77EA6AED8AF
090A164A-AE5D-4B0F-94E4-DAE9D5DDEEC8,random,https://www.carc.ox.ac.uk/Vases/SPIFF/Images200/GR12/CVA.GR12.836.1/cc001001.jpe,http://www.beazley.ox.ac.uk/record/2374D44C-52CB-45DA-B7AF-C8F64074938F
C67F3778-BF51-4047-97FD-D1E7F6D77317,random,https://www.carc.ox.ac.uk/Vases/SPIFF/Images200/010502/320100.A/cc001001.jpe,http://www.beazley.ox.ac.uk/record/7F2D759E-4C6A-4D2E-9F0F-3B1CEC24F9E1
EBA84944-D456-458E-97E5-D03F20BD338D,random,https://www.carc.ox.ac.uk/Vases/SPIFF/Images200/GER05/CVA.GER05.200.3/cc001001.jpe,http://www.beazley.ox.ac.uk/record/F9FA9CBA-EC09-4982-9979-6AB059B63F2A
0B6C0A15-818E-4D1C-88A8-A6B1CF969DA1,random,https://www.carc.ox.ac.uk/Vases/SPIFF/Images200/NZ01/CVA.NZ01.12.4/cc001001.jpe,http://www.beazley.ox.ac.uk/record/E1455544-CC49-42BC-A4EA-8978157D58C4
CF2D858C-05C4-41D4-B0C7-0C7659396C3C,random,https://www.carc.ox.ac.uk/Vases/SPIFF/Images200/SP03/CVA.SP03.112.2/cc001001.jpe,http://www.beazley.ox.ac.uk/record/4A3B0D1A-2C9A-40EA-B8E2-6764BC35E62B
189CBD6D-FA4D-41D9-A55B-946D465FA0AF,random,https://www.carc.ox.ac.uk/Vases/SPIFF/Images200/GER03/CVA.GER03.135.4/cc001001.jpe,http://www.beazley.ox.ac.uk/record/DA0B3258-7066-41ED-AC71-E6FEFDFD8A9D
47CEE82B-72F8-4BFE-B9EB-9ED64EF59190,random,https://www.carc.ox.ac.uk/Vases/SPIFF/Images200/ABV175to209/361396.BD1/cc001001.jpe,http://www.beazley.ox.ac.uk/record/531EF65E-33FD-4495-970E-9AC9E7FDA9DD
E87239C0-7A98-4FC2-B189-F1363FA0A847,random,https://www.carc.ox.ac.uk/Vases/SPIFF/Images200/IT42/CVA.IT42.1880.1/cc001001.jpe,http://www.beazley.ox.ac.uk/record/6D07B54F-7A45-4AA2-8360-C7F76DA73382
B9DFC9C2-83BD-49D1-B5A2-A94CA953866D,random,https://www.carc.ox.ac.uk/Vases/SPIFF/Images200/ABV175to209/351641.BD/cc001001.jpe,http://www.beazley.ox.ac.uk/record/180A14FB-1D29-47A0-9435-84E35D83820F
06FF9D73-2E55-47A2-A0DF-2F3618AD72B3,random,https://www.carc.ox.ac.uk/Vases/SPIFF/Images200/12122014/306.1/cc001001.jpe,http://www.beazley.ox.ac.uk/record/9A5E047D-1E54-4B98-9BFB-34A9C1C30DFD
C3A9C4FE-38FC-4391-AF5A-1FCF9EC5879E,random,https://www.carc.ox.ac.uk/Vases/SPIFF/Images200/GR10/CVA.GR10.603.1/cc001001.jpe,http://www.beazley.ox.ac.uk/record/2DADD6B3-32E4-43BE-966D-91DAAC1347B1
B4D1D78B-B88E-4B71-A44A-678E0396498A,random,https://www.carc.ox.ac.uk/Vases/SPIFF/Images100/010227/17616.B/cc001001.jpe,http://www.beazley.ox.ac.uk/record/64FF0B57-0953-4F64-8816-1C28D7B0CC9C
3D2CB37F-EC94-4A7A-922A-8D4FAEBD1717,random,https://www.carc.ox.ac.uk/Vases/SPIFF/7B3EE14194B74EE99387D45CFBFD2996/cc001001.jpe,http://www.beazley.ox.ac.uk/record/451017C8-118D-48C8-99B8-C0D929DF4694
BDD8F0CE-4A04-49BD-9458-B0AA3A23096D,random,https://www.carc.ox.ac.uk/Vases/SPIFF/Images100/010115/310500.FR/cc001001.jpe,http://www.beazley.ox.ac.uk/record/2ACC2B08-2E63-4C0B-9488-049047C40909
856A01AF-1121-40CB-9449-4DF21BDCBF0F,random,https://www.carc.ox.ac.uk/Vases/SPIFF/Images200/ABV1/303508.BD1/cc001001.jpe,http://www.beazley.ox.ac.uk/record/F0355CBA-F924-4D3D-8529-A462D41AAAAE
68F6C6C1-EB07-4770-B18B-860A86F077C9,random,https://www.carc.ox.ac.uk/Vases/SPIFF/Images200/010516/320246.A(BD)/cc001001.jpe,http://www.beazley.ox.ac.uk/record/B4994548-9532-4D9C-A29B-A7259FF63ED0
994BF2C5-C2E6-47C2-A4CC-2502941F59A9,random,https://www.carc.ox.ac.uk/Vases/SPIFF/Images200/010707/301680.A/cc001001.jpe,http://www.beazley.ox.ac.uk/record/450C53C9-B8F0-47D8-A191-6F874B138E9F
7DFCAD85-E602-463A-B3F2-A16B98229D2F,random,https://www.carc.ox.ac.uk/Vases/SPIFF/Images200/SWZ03/CVA.SWZ03.110.4/cc001001.jpe,http://www.beazley.ox.ac.uk/record/AA2EBD2F-6BDB-4801-A8A6-FF8B5C97B622
43C98ACE-D698-4C01-B985-247D5BFA27FE,random,https://www.carc.ox.ac.uk/Vases/SPIFF/Images200/BF HYDRIAI PtoZ/25091.SH/cc001001.jpe,http://www.beazley.ox.ac.uk/record/F8476088-62AB-4E06-8D46-728C18917EB8
2DAEE128-FE41-4BE5-B21A-3C558BD52889,random,https://www.carc.ox.ac.uk/Vases/SPIFF/Images200/BEL02/CVA.BEL02.061.7/cc001001.jpe,http://www.beazley.ox.ac.uk/record/03C5C078-A873-411F-8A4A-0F0FFBA86D86
11B4D46F-9B87-4BEE-9230-B0F4D98424D4,random,https://www.carc.ox.ac.uk/Vases/SPIFF/Images200/Unatt16to30/3747.A1/cc001001.jpe,http://www.beazley.ox.ac.uk/record/B5CB97E1-AF39-4091-B0F1-90518499A4D0
5295CAE3-72F6-4E14-86A7-B00D7187C7DA,random,https://www.carc.ox.ac.uk/Vases/SPIFF/Images200/IT20/CVA.IT20.983.2/cc001001.jpe,http://www.beazley.ox.ac.uk/record/232FBCFE-9950-4FA0-9479-B562712D5BC5
6A2B1AB1-610B-46B2-A910-A6C22601BD51,random,https://www.carc.ox.ac.uk/Vases/SPIFF/Images200/010502/320009/cc001001.jpe,http://www.beazley.ox.ac.uk/record/CCD07FEC-1C38-430F-8824-593D1C712224
37F14117-E067-41AD-B4B2-32894C82820E,random,https://www.carc.ox.ac.uk/Vases/SPIFF/Images200/IT65/CVA.IT65.2921.3/cc001001.jpe,http://www.beazley.ox.ac.uk/record/86823641-03F2-427B-8B26-35415147558D
4720E209-B022-47D4-9981-1D37ACA5508D,random,https://www.carc.ox.ac.uk/Vases/SPIFF/Images200/GER109/CVA.GER109.BEIL.18.2/cc001001.jpe,http://www.beazley.ox.ac.uk/record/DF728D17-5BBA-42AD-A1E6-F0DA5D4AC7C5
4ACEBC88-6B52-4A76-AFDD-8C548C10B980,random,https://www.carc.ox.ac.uk/Vases/SPIFF//Images200/020121/330867.BD/cc001001.jpe,http://www.beazley.ox.ac.uk/record/437B973F-A47B-4625-8DF9-6E94BF63361A
4E996A39-E4F0-45FC-8693-42F07ACBC39A,random,https://www.carc.ox.ac.uk/Vases/SPIFF/Images200/ABV175to209/305827.BD/cc001001.jpe,http://www.beazley.ox.ac.uk/record/9AC21E80-C876-42F7-AD80-00766B1F0AD6
3FA1D519-F784-4939-96FD-334E1BD02352,random,https://www.carc.ox.ac.uk/Vases/SPIFF/Images200/010502/320039.S/cc001001.jpe,http://www.beazley.ox.ac.uk/record/4F2053B0-E0E9-4341-B825-17420E83FF9D
676DEB48-AA60-47AF-8FC7-4416B35F7328,random,https://www.carc.ox.ac.uk/Vases/SPIFF/Images200/IT03/CVA.IT03.102.2/cc001001.jpe,http://www.beazley.ox.ac.uk/record/D476525A-E9AE-45E1-9C8E-E55DE8CEC800
1F3A4B84-B676-4E7F-B0DB-AAC4F9A8C7E1,random,https://www.carc.ox.ac.uk/Vases/SPIFF/Images100/001211/213.PARTOFA/cc001001.jpe,http://www.beazley.ox.ac.uk/record/65CD38BE-EDB7-40AC-ADD1-021CEFE9C4CC
E9DCCD85-4F0D-4664-8D0E-79BDBF1DA36A,random,https://www.carc.ox.ac.uk/Vases/SPIFF/Images200/IT03/CVA.IT03.101.2/cc001001.jpe,http://www.beazley.ox.ac.uk/record/DFA7D36C-10ED-4187-B5E6-08D0AFD70363
AE116BD1-38D6-4BB2-95EC-3B678B8959A1,random,https://www.carc.ox.ac.uk/Vases/SPIFF//Images200/020121/330202.BD1/cc001001.jpe,http://www.beazley.ox.ac.uk/record/6B0569F1-A838-496B-AC0E-DBBA2759DB9A
620DB885-6B22-4D69-BF71-CCA4901E13D1,random,https://www.carc.ox.ac.uk/Vases/SPIFF/Images200/010516/320381.A/cc001001.jpe,http://www.beazley.ox.ac.uk/record/EB8128C8-56AC-44CC-8170-70E51A2B8EA5
D4624324-DE1F-4982-A98F-3BFFCAD82CD7,random,https://www.carc.ox.ac.uk/Vases/SPIFF/Images100/001211/19379.B/cc001001.jpe,http://www.beazley.ox.ac.uk/record/08515181-E877-4626-9DBC-BD3A9ECD9B2F
887732F6-F086-4395-B6FE-15ED1855ABE1,random,https://www.carc.ox.ac.uk/Vases/SPIFF/Images200/010516/301554.A/cc001001.jpe,http://www.beazley.ox.ac.uk/record/A5F07D94-78EC-4F1C-B890-656EE93D4252
D36AD3B7-8D73-4369-B794-1D7822C0F0ED,random,https://www.carc.ox.ac.uk/Vases/SPIFF/Images200/010502/24088.A/cc001001.jpe,http://www.beazley.ox.ac.uk/record/21C9C558-CD4B-48B7-825F-17317CD7FF49
A036A13E-C523-45B2-B1D9-78D5C46042C4,random,https://www.carc.ox.ac.uk/Vases/SPIFF//Images200/020121/305527.A/cc001001.jpe,http://www.beazley.ox.ac.uk/record/606AF2B8-1072-4D35-A355-4D851ECFF1B8
50D6A587-27E6-41BE-AEF7-5759CEEE62C2,random,https://www.carc.ox.ac.uk/Vases/SPIFF/Images200/RUS01/CVA.RUS01.26.3/cc001001.jpe,http://www.beazley.ox.ac.uk/record/FA57F3AD-C267-4BBF-9259-5A2D2DB1BEA0
E7C5DC6C-A58A-4A05-BDE3-79AF2613B944,random,https://www.carc.ox.ac.uk/Vases/SPIFF/Images200/Unatt46to60/10445.FR/cc001001.jpe,http://www.beazley.ox.ac.uk/record/4C428DF8-6F68-46FA-934D-003FEF1C4610
76943FC3-4A9D-429A-95EF-A09FEAFFA749,random,https://www.carc.ox.ac.uk/Vases/SPIFF/Images200/Unatt01/31475.FR/cc001001.jpe,http://www.beazley.ox.ac.uk/record/9DA0E484-7D03-4344-B93A-25B435082025
5868B713-5EFA-4CEC-A352-224B6F26675C,random,https://www.carc.ox.ac.uk/Vases/SPIFF/Images200/010502/320235.B/cc001001.jpe,http://www.beazley.ox.ac.uk/record/E64ED02C-85A6-4B67-9EA3-111C438CF44C
1B911BE8-53B3-4859-A1E3-C8D9DAB988C3,random,https://www.carc.ox.ac.uk/Vases/SPIFF/Images200/010502/5173.A/cc001001.jpe,http://www.beazley.ox.ac.uk/record/8CF98990-10B0-4E8B-A3B7-A7FFA5DBEBB3
CB3C1669-2F66-4939-9F67-7077A7CF2DD3,random,https://www.carc.ox.ac.uk/Vases/SPIFF/Images200/ABV1/360926.BD/cc001001.jpe,http://www.beazley.ox.ac.uk/record/7D53C8CD-65DA-429F-8749-3948592BE901
65684DBE-F9EC-44C1-A116-E971FBA5F0C8,random,https://www.carc.ox.ac.uk/Vases/SPIFF/Images100/001113/300715.Bd2/cc001001.jpe,http://www.beazley.ox.ac.uk/record/65A7393B-6E6C-4FBE-A0F8-81E01721943B
157018C2-FDAC-4C70-83EA-E0D8C1259334,random,https://www.carc.ox.ac.uk/Vases/SPIFF/Images200/ABV210toX1/340844.BD/cc001001.jpe,http://www.beazley.ox.ac.uk/record/386E7E44-5DF4-4EEC-8C47-B02EC4C80367
DEAEB1A9-6416-4ED3-8DAF-B5C83C2F2012,random,https://www.carc.ox.ac.uk/Vases/SPIFF/Images200/F04/CVA.F04.163.4/cc001001.jpe,http://www.beazley.ox.ac.uk/record/E0485FB7-9E0B-42DA-951C-EB8D1516BCA3
4FB0BCDC-5B84-4C52-B604-F2E8A48C269E,random,https://www.carc.ox.ac.uk/Vases/SPIFF/Images200/GB05/CVA.211.3b/cc001001.jpe,http://www.beazley.ox.ac.uk/record/B59AD51D-F1AD-467B-9C3D-ACC663D2A3BD
32464D49-7408-4C90-AE6C-D0A647D45DE4,random,https://www.carc.ox.ac.uk/Vases/SPIFF/Images200/GER45/CVA.GER45.2165.2/cc001001.jpe,http://www.beazley.ox.ac.uk/record/F9C542F1-A190-4529-8E6C-90A790A4F731
E8831E04-3266-4769-8C30-B7227CF9D510,random,https://www.carc.ox.ac.uk/Vases/SPIFF/Images200/ABV175to209/361083.BD/cc001001.jpe,http://www.beazley.ox.ac.uk/record/3F3A3A62-A201-47E8-A805-4B6C9B0A0275
BE70BB53-6A53-4A30-9905-F2944D9BD127,random,https://www.carc.ox.ac.uk/Vases/SPIFF/Images200/DEN09/CVA.DEN09.443.77B/cc001001.jpe,http://www.beazley.ox.ac.uk/record/A56D5B04-1D44-4791-811F-A62B990B945F
C07EB74D-A34B-4238-BA29-36081F304EE0,random,https://www.carc.ox.ac.uk/Vases/SPIFF/Images200/BF AMPHORAE TYPE B S-Z ETC 1/9030466/cc001001.jpe,http://www.beazley.ox.ac.uk/record/C07EB74D-A34B-4238-BA29-36081F304EE0
A70DF7B1-066D-4C63-B1B2-C18EA31BE05B,random,https://www.carc.ox.ac.uk/Vases/SPIFF/Images200/GER83/CVA.GER83.4334.1/cc001001.jpe,http://www.beazley.ox.ac.uk/record/A70DF7B1-066D-4C63-B1B2-C18EA31BE05B
1E905471-227B-4931-8724-0201CFE0B1D4,random,https://www.carc.ox.ac.uk/Vases/SPIFF/Images200/010516/320340.A/cc001001.jpe,http://www.beazley.ox.ac.uk/record/88C2C5B0-3632-4871-BBD3-C6C909A5EDC1
43DE3C00-56E1-437E-ABAB-C8C957293CB5,random,https://www.carc.ox.ac.uk/Vases/SPIFF/Images200/GER34/CVA.GER34.1646.4/cc001001.jpe,http://www.beazley.ox.ac.uk/record/CF41B27C-B396-4C13-96AD-5EED93EF361C
4A2A7200-28D2-44C6-AAFC-C3255037B6C5,random,https://www.carc.ox.ac.uk/Vases/SPIFF/Images200/DEN09/CVA.DEN09.447.80B/cc001001.jpe,http://www.beazley.ox.ac.uk/record/F179EE2B-F52A-44B4-989E-9381B2D675CB
1B58964C-962D-4831-B657-FD0CF443F6E2,random,https://www.carc.ox.ac.uk/Vases/SPIFF/Images200/GER37/CVA.GER37.1796.1/cc001001.jpe,http://www.beazley.ox.ac.uk/record/4F61C6A2-F4A8-4D00-8D7A-F7748549283A
BD58EB2E-F0F4-4ECE-889B-BD1EF7EE712F,random,https://www.carc.ox.ac.uk/Vases/SPIFF/Images200/Misc Bonhams/24614.1/cc001001.jpe,http://www.beazley.ox.ac.uk/record/3A5E16EA-0519-4664-88EF-EE7F2D62526F
11849776-EA16-4C38-8134-B337015EF940,random,https://www.carc.ox.ac.uk/Vases/SPIFF/Images200/POL04/CVA.POL04.169.4/cc001001.jpe,http://www.beazley.ox.ac.uk/record/CA63B234-1A23-45DC-9933-2E1366AE021A
87D3041F-E0D3-4B7E-8C8A-A63FA0208F60,random,https://www.carc.ox.ac.uk/Vases/SPIFF/Images200/GER31/CVA.GER31.1515.2/cc001001.jpe,http://www.beazley.ox.ac.uk/record/9F59C534-E81D-417B-BA84-08D2942C2324
E89F3777-17CF-44BF-AB34-5A5B8B405EE8,random,https://www.carc.ox.ac.uk/Vases/SPIFF/Images200/ABV210toX1/352236.A/cc001001.jpe,http://www.beazley.ox.ac.uk/record/A9167090-1C62-4ED5-B0C9-8BF0E3E38B40
57095EF5-594B-4A0A-8E5C-A0B520777572,random,https://www.carc.ox.ac.uk/Vases/SPIFF/Images200/GB14/CVA.638.4/cc001001.jpe,http://www.beazley.ox.ac.uk/record/376D027B-C0C5-4DAC-8CED-57A463C44C6D
70BC4598-28E8-4C63-9FF4-F6261B51B779,random,https://www.carc.ox.ac.uk/Vases/SPIFF//Images200/020121/390469.DRAW2/cc001001.jpe,http://www.beazley.ox.ac.uk/record/8E5D5118-2005-4EC0-BBEC-BE59B4A6B751
62DBE6BB-7FAA-48A7-AD3A-31D9B8CA7B7F,random,https://www.carc.ox.ac.uk/Vases/SPIFF/Images200/ABV175to209/305604.BD/cc001001.jpe,http://www.beazley.ox.ac.uk/record/D90158E0-9C62-4F77-9DE7-6FCA395DD401
F03712FB-A655-445A-BEB5-405DBF14BFBF,random,https://www.carc.ox.ac.uk/Vases/SPIFF/Images200/10042015/5881.1/cc001001.jpe,http://www.beazley.ox.ac.uk/record/74EC97CC-9C95-48DB-BE2A-63F824B5764C
3CD81447-5C28-4BBB-8207-26700F32EA95,random,https://www.carc.ox.ac.uk/Vases/SPIFF/Images200/IT25/CVA.IT25.1141.2/cc001001.jpe,http://www.beazley.ox.ac.uk/record/AD82285E-17E9-4350-AEBC-178638B7A3B8
99813076-A852-4C16-BEF5-7F73D76286F5,random,https://www.carc.ox.ac.uk/Vases/SPIFF/Images200/USA18/CVA.USA18.850.4/cc001001.jpe,http://www.beazley.ox.ac.uk/record/915DC1BC-D319-482C-97C0-58B131F33287
254F6AFB-4131-4CEF-B41D-888ACD655988,random,https://www.carc.ox.ac.uk/Vases/SPIFF/Images200/Unatt46to60/2381.BD/cc001001.jpe,http://www.beazley.ox.ac.uk/record/7F3CBD19-5B6A-4975-A34E-957237479BD5
AC1EB734-D112-4DDE-B5B1-094B1D720FDD,random,https://www.carc.ox.ac.uk/Vases/SPIFF/Images200/011012/302962.A/cc001001.jpe,http://www.beazley.ox.ac.uk/record/14F2870D-0922-487B-A2D7-29047573167A
472D7891-57B1-4308-8DC4-04EAD3EA550F,random,https://www.carc.ox.ac.uk/Vases/SPIFF/Images100/001211/19389.B/cc001001.jpe,http://www.beazley.ox.ac.uk/record/A8859095-419C-4BAA-8959-6CC67A7261B5
76B9937F-3CC1-4FB0-98F5-8D0C283D28DA,random,https://www.carc.ox.ac.uk/Vases/SPIFF/Images200/GR12/CVA.GR12.806.4/cc001001.jpe,http://www.beazley.ox.ac.uk/record/AA29C9B6-90DB-4DDD-BE3C-20FA41AA1BB1
A00570BE-8343-47E6-BD56-217B72055871,random,https://www.carc.ox.ac.uk/Vases/SPIFF/Images200/GDR02/CVA.GDR02.096.1/cc001001.jpe,http://www.beazley.ox.ac.uk/record/9F579456-304E-4624-9051-F927F2D6C0AA
7E331C23-AEC4-44B9-907F-01C153E1808F,random,https://www.carc.ox.ac.uk/Vases/SPIFF/Images200/010321/301365.A/cc001001.jpe,http://www.beazley.ox.ac.uk/record/FC64A050-1B70-4DFA-9D78-1E062D2344F0
8C3BE836-1DF7-409A-B9FF-FD20A2AF6470,random,https://www.carc.ox.ac.uk/Vases/SPIFF//Images200/020121/330137.B/cc001001.jpe,http://www.beazley.ox.ac.uk/record/C8272C1B-6CE0-48DB-9631-A841335A0EBB
6602D2A1-0EEE-4DBD-8C38-41BF4FC7023C,random,https://www.carc.ox.ac.uk/Vases/SPIFF/Images200/010813/301863.A/cc001001.jpe,http://www.beazley.ox.ac.uk/record/D08B21CD-E34D-4372-AEC3-6B221EE0CA60
D5B1479E-62E7-462C-91D9-AE12DF2D945B,random,https://www.carc.ox.ac.uk/Vases/SPIFF/Images200/F19/CVA.F19.859.2/cc001001.jpe,http://www.beazley.ox.ac.uk/record/13A4B0E6-FEAD-4F86-9B1B-94650733FF5B
4CD481DD-3F1A-4E6A-86FE-0330D34B23E0,random,https://www.carc.ox.ac.uk/Vases/SPIFF/Images200/Unatt31to45/25701/cc001001.jpe,http://www.beazley.ox.ac.uk/record/50A55228-C948-4864-8838-C946D302DFE0
C616D365-5D1C-4248-BC5E-8E718205ED69,random,https://www.carc.ox.ac.uk/Vases/SPIFF/Images200/GB06/CVA.255.1/cc001001.jpe,http://www.beazley.ox.ac.uk/record/22191CB2-9AE6-48C3-A12A-7CF3C0988090
5D7CC722-9EAF-46B0-A03B-6B565E723C31,random,https://www.carc.ox.ac.uk/Vases/SPIFF/Images200/ABV1/340802.BD1/cc001001.jpe,http://www.beazley.ox.ac.uk/record/BB5948CC-65AC-4140-88D0-FB7552F28D09
373D2D67-AE6B-4596-9D16-CF7D09BE69D0,random,https://www.carc.ox.ac.uk/Vases/SPIFF//Images200/020121/15725.BD/cc001001.jpe,http://www.beazley.ox.ac.uk/record/2A8C28DF-B8DA-4C4E-B3B0-51D7C12075FE
2BE11FFD-1283-4569-B779-BD5E245B6B18,random,https://www.carc.ox.ac.uk/Vases/SPIFF/Images200/GER48/CVA.GER48.2361.3/cc001001.jpe,http://www.beazley.ox.ac.uk/record/69401EA2-5F5A-4BED-B109-F2BF505DE3E7
404DB7F5-B80A-4DCB-8B21-63D79AB98684,random,https://www.carc.ox.ac.uk/Vases/SPIFF/Images200/010516/301626.FR/cc001001.jpe,http://www.beazley.ox.ac.uk/record/4D82D58F-A765-4AA8-BD7F-1BD795EA577F
F063A8DD-EDA2-4FDC-96B5-721EDC92F863,random,https://www.carc.ox.ac.uk/Vases/SPIFF/Images200/010502/41690.B/cc001001.jpe,http://www.beazley.ox.ac.uk/record/5AEF20B6-E28E-41C2-8AC5-622AC01E7480
B6A09E09-D4BE-4676-B8FF-1599B62F729F,random,https://www.carc.ox.ac.uk/Vases/SPIFF/49743E2237084E38A8847FA8F8B5E696/cc001001.jpe,http://www.beazley.ox.ac.uk/record/EFF35D4D-C622-4C7A-A1BF-BD9EC7F1F364
0C7A0473-C627-4189-A673-03C86DB9C1A1,random,https://www.carc.ox.ac.uk/Vases/SPIFF/Images200/ABV175to209/351707.BD/cc001001.jpe,http://www.beazley.ox.ac.uk/record/5785A5EE-A77B-4532-AB76-6C2CD11662C2
E239EC5A-2928-4934-AC6C-5DDA7B89F02D,random,https://www.carc.ox.ac.uk/Vases/SPIFF/Images200/GER37/CVA.GER37.1835.2/cc001001.jpe,http://www.beazley.ox.ac.uk/record/DC13FE6F-FB25-4063-8C85-830BA584661E
276B19F4-E73C-4B11-8CA9-1624E8E90265,random,https://www.carc.ox.ac.uk/Vases/SPIFF/Images200/010502/13867.B/cc001001.jpe,http://www.beazley.ox.ac.uk/record/D9067C1A-CF38-4F5D-B75E-FF44C3A92F46
A28C0C8C-21BA-4FAC-AA6C-CABD5BF2397E,random,https://www.carc.ox.ac.uk/Vases/SPIFF/Images200/010516/301599.BD/cc001001.jpe,http://www.beazley.ox.ac.uk/record/2FC655D9-5624-4214-842F-2588949D9272
37095F29-79CE-4497-AFEC-11840BEF41E4,random,https://www.carc.ox.ac.uk/Vases/SPIFF/Images200/IT41/CVA.IT41.BEIL.4.21/cc001001.jpe,http://www.beazley.ox.ac.uk/record/C8DA75C8-2059-470E-808B-5D7D26CCF869
AC6AE523-02A9-4E83-9D43-4EE75BCA7917,random,https://www.carc.ox.ac.uk/Vases/SPIFF/Images200/ABV1/380860.BD1/cc001001.jpe,http://www.beazley.ox.ac.uk/record/D969EC6D-B062-41AE-9077-588EA8DF9A8B
C9213916-7FD4-4C55-A1CA-2CE295A01837,random,https://www.carc.ox.ac.uk/Vases/SPIFF/Images200/ABV210toX1/361375.BD/cc001001.jpe,http://www.beazley.ox.ac.uk/record/3F1AE90C-2215-4E3D-AD47-9B62A336C028
ED29ED4C-647A-4D07-A508-0C92B1A7B1D8,random,https://www.carc.ox.ac.uk/Vases/SPIFF/Images200/010502/302296.S/cc001001.jpe,http://www.beazley.ox.ac.uk/record/6E4D3109-EFA1-42BC-BD0B-40B738965AA9
43942AF4-2E0A-4E82-882F-6402EDDE647C,random,https://www.carc.ox.ac.uk/Vases/SPIFF/Images200/NOR01/CVA.NOR01.31.6/cc001001.jpe,http://www.beazley.ox.ac.uk/record/8C47F958-DFD2-4704-8F8D-90FE6CDDECC8
36D9F870-220D-40F7-BFBB-60FF6AC3D120,random,https://www.carc.ox.ac.uk/Vases/SPIFF/Images200/IT59/CVA.IT59.2606.4/cc001001.jpe,http://www.beazley.ox.ac.uk/record/1B8DABB7-923F-4E97-BE0D-C276FAB72BDB
81B764B5-59BE-4580-8B79-EF0EE5B51793,random,https://www.carc.ox.ac.uk/Vases/SPIFF/Images200/GR10/CVA.GR10.630.1/cc001001.jpe,http://www.beazley.ox.ac.uk/record/206292CD-40E8-4DAD-83F5-519051EECCCD
E2335088-F4A4-4577-A026-7FF3ED49D965,random,https://www.carc.ox.ac.uk/Vases/SPIFF/Images200/NL04/CVA.NL04.194.9/cc001001.jpe,http://www.beazley.ox.ac.uk/record/D4A08485-B3BF-4D60-AAE0-2FD8E6CEFA94
F4FB9ED7-1DE7-41EF-91B5-AB7CB3C1D679,random,https://www.carc.ox.ac.uk/Vases/SPIFF/Images200/010913/302339.BD/cc001001.jpe,http://www.beazley.ox.ac.uk/record/31BB24D4-44B6-4D2A-BB78-4AE9C07C93A4
C5C724EF-B747-46A0-B86E-B8A476A73EEE,random,https://www.carc.ox.ac.uk/Vases/SPIFF/Images200/011012/351355.BD/cc001001.jpe,http://www.beazley.ox.ac.uk/record/5CE346FA-A50E-4ECC-8E4E-FB1C6C7B4B4B
2B33795C-B0F3-4590-90CF-A75084A0EC82,random,https://www.carc.ox.ac.uk/Vases/SPIFF/Images200/010502/320148/cc001001.jpe,http://www.beazley.ox.ac.uk/record/EC88E888-8452-4387-BFEC-101DC4F21EB0
08BE6234-4CD4-49F7-BEC2-7BE6F3E32F92,random,https://www.carc.ox.ac.uk/Vases/SPIFF/Images200/010502/302258.B/cc001001.jpe,http://www.beazley.ox.ac.uk/record/BBD155C3-9FCD-48CF-A60B-7E18BA797B46
8A9CCA70-FB1B-49F4-8572-8236BDD4CE2C,random,https://www.carc.ox.ac.uk/Vases/SPIFF/Images200/GER25/CVA.GER25.1198.1/cc001001.jpe,http://www.beazley.ox.ac.uk/record/E812D385-AF9D-4339-B848-7807D671CCE6
0B650990-2CF8-4FED-8AF6-48FD7823FCF5,random,https://www.carc.ox.ac.uk/Vases/SPIFF/Images200/FR05/CVA.FR05.212.7/cc001001.jpe,http://www.beazley.ox.ac.uk/record/73AE1CB4-B6EF-4D60-8C98-9B1DC0F38745
9EBEB7B9-E390-481C-9720-A39B32CD4C00,random,https://www.carc.ox.ac.uk/Vases/SPIFF//Images200/020121/15280.A/cc001001.jpe,http://www.beazley.ox.ac.uk/record/18BC0BA3-EFFF-4F66-A38F-4CF31E1BB191
284C3D6B-A29C-45DD-8E59-32F2AC109068,random,https://www.carc.ox.ac.uk/Vases/SPIFF/Images200/ABV175to209/361261.BD/cc001001.jpe,http://www.beazley.ox.ac.uk/record/8932C80F-8B08-46E4-9A3D-3EE406D8F3B2
C902ABC5-1C11-4045-9A73-EF315A75F79C,random,https://www.carc.ox.ac.uk/Vases/SPIFF/Images200/010502/320069.B2/cc001001.jpe,http://www.beazley.ox.ac.uk/record/91D167C2-5747-4800-9987-1CF4CB7D5757
0F2089AD-DECB-40D2-B812-98DCF37E1004,random,https://www.carc.ox.ac.uk/Vases/SPIFF/Images200/IT48/CVA.IT48.2158.4/cc001001.jpe,http://www.beazley.ox.ac.uk/record/B3FC23E0-D4BB-42FD-9705-84546CBF4B2A
7692601D-38CE-44C0-B966-5410BAF8C38E,random,https://www.carc.ox.ac.uk/Vases/SPIFF/Images200/010502/320110.B/cc001001.jpe,http://www.beazley.ox.ac.uk/record/DDAE31D8-9DBD-4776-AF18-DBA1C1A62827
4EF21909-33D5-4114-97A8-6C8C341C9919,random,https://www.carc.ox.ac.uk/Vases/SPIFF/Images200/DEN03/CVA.DEN03.112.2/cc001001.jpe,http://www.beazley.ox.ac.uk/record/C515CE83-559B-46C0-B4DD-317E081BF17B
EEE6412B-040B-4AE8-AB28-063D11626A63,random,https://www.carc.ox.ac.uk/Vases/SPIFF/Images200/GDR02/CVA.GDR02.085.1/cc001001.jpe,http://www.beazley.ox.ac.uk/record/34EEF4BA-EFDA-4B3A-900C-405229C7D145
5CA5D65D-6C95-46AC-BFEB-C10EA342272C,random,https://www.carc.ox.ac.uk/Vases/SPIFF/Images200/GER31/CVA.GER31.1508.5/cc001001.jpe,http://www.beazley.ox.ac.uk/record/A481A3E6-C935-4E4B-B436-8054DD6D0EF2
AC776D6E-D637-4EA7-BDE4-BB8F3A271AEC,random,https://www.carc.ox.ac.uk/Vases/SPIFF/Images200/Unatt31to45/14603.BD1/cc001001.jpe,http://www.beazley.ox.ac.uk/record/509F5FFE-B561-4D12-9FF0-B1BCC61E91AF
86A7058F-251B-4ED7-833A-EBA08D24FBFA,random,https://www.carc.ox.ac.uk/Vases/SPIFF/Images200/GER30/CVA.GER30.1448.1/cc001001.jpe,http://www.beazley.ox.ac.uk/record/D203DAD7-474E-4694-97DB-88640B5FDCD2
FC004A9F-7B8F-4FD0-BBA3-1BCC2E263AF9,random,https://www.carc.ox.ac.uk/Vases/SPIFF/Images100/010227/302637.AB/cc001001.jpe,http://www.beazley.ox.ac.uk/record/A39D2B85-6BC8-4C27-B352-8F2B0A1A835A
22AFDBAB-E489-4D1E-8B5B-20E1F19591B9,random,https://www.carc.ox.ac.uk/Vases/SPIFF/Images200/IT65/CVA.IT65.2959.6/cc001001.jpe,http://www.beazley.ox.ac.uk/record/ABF3AA47-8950-4228-9701-2ECE46FB1D67
5B76735A-DE9C-4DDD-BEAB-C1C692CF7701,random,https://www.carc.ox.ac.uk/Vases/SPIFF/Images200/GER56/CVA.GER56.2749.2/cc001001.jpe,http://www.beazley.ox.ac.uk/record/170F19AA-B8C5-4B76-89BE-B91FA5370AF6
FBFBBE3D-CA75-4F02-BD5A-B540E31FFB2F,random,https://www.carc.ox.ac.uk/Vases/SPIFF/Images200/POL03/CVA.POL03.109.5/cc001001.jpe,http://www.beazley.ox.ac.uk/record/B7355D7A-458D-4C52-9F61-6DC08AE78215
42A9BC56-341A-4BB0-8572-1D2779BF740F,random,https://www.carc.ox.ac.uk/Vases/SPIFF/Images200/GB05/CVA.209.3a/cc001001.jpe,http://www.beazley.ox.ac.uk/record/EEF22BFA-092C-4379-8B1F-C9D7F0DB66DD
87D9E11A-291C-4BAA-8FD5-FEE6EDAF060E,random,https://www.carc.ox.ac.uk/Vases/SPIFF/Images100/001204/350332.1/cc001001.jpe,http://www.beazley.ox.ac.uk/record/6576F6F3-3F68-4E91-97B0-6590595C05DB
B1635E01-3D3D-4D40-93BE-D2A015192DE3,random,https://www.carc.ox.ac.uk/Vases/SPIFF/Images200/IT20/CVA.IT20.955.4/cc001001.jpe,http://www.beazley.ox.ac.uk/record/CF894437-526A-4692-A93C-5BDCA0D89CC9
9E7837FE-9A8B-4BFE-81CB-D6E752ADEBB1,random,https://www.carc.ox.ac.uk/Vases/SPIFF/Images200/010502/320111.B2/cc001001.jpe,http://www.beazley.ox.ac.uk/record/18A0C8F7-E12A-4DC8-94DE-EF0100A9D0FB
70F34A71-D29D-4381-AE91-C02C84EC1128,random,https://www.carc.ox.ac.uk/Vases/SPIFF/Images200/F24/CVA.F24.1029.4/cc001001.jpe,http://www.beazley.ox.ac.uk/record/ADCBF383-38BA-49B1-94E8-93684EB05EFF
05C65E7F-093A-4F61-9692-73E80687BAD4,random,https://www.carc.ox.ac.uk/Vases/SPIFF/Images200/010502/302295.S/cc001001.jpe,http://www.beazley.ox.ac.uk/record/908A2B16-0270-4926-A2C6-7518BEC4B2F8
8C611A14-1BE8-47B9-BE47-BDF8A66FCE36,random,https://www.carc.ox.ac.uk/Vases/SPIFF/Images100/010115/310393.PART.2/cc001001.jpe,http://www.beazley.ox.ac.uk/record/307FBADB-3962-4476-8D06-449ECB1B5B89
13BC1FD9-CDF5-4DE1-BE40-7961ED4A64A7,random,https://www.carc.ox.ac.uk/Vases/SPIFF//Images200/020121/351389.BD/cc001001.jpe,http://www.beazley.ox.ac.uk/record/7C59084A-F7D1-4A4D-956D-382344ADAB26
E44745B6-8074-4F49-B0C2-2B9F36E88938,random,https://www.carc.ox.ac.uk/Vases/SPIFF/Images200/011012/303272.BD/cc001001.jpe,http://www.beazley.ox.ac.uk/record/671D6ECE-746B-4DAC-B049-AAF717B070F1
89C1A73A-EEB0-4BB6-8990-E9F70CC625D7,random,https://www.carc.ox.ac.uk/Vases/SPIFF/Images200/GR04/CVA.GR04.195.4/cc001001.jpe,http://www.beazley.ox.ac.uk/record/DA068911-A384-4D2D-B35F-31B336541087
B5FCB5DC-EA87-40C5-BF20-9B7134A279CB,random,https://www.carc.ox.ac.uk/Vases/SPIFF/Images200/FR05/CVA.FR05.214.6/cc001001.jpe,http://www.beazley.ox.ac.uk/record/199A7994-DD76-4710-96F6-272309AEC5AE
2ECDD3F0-B89C-4B63-8A46-A469A93AFF2E,random,https://www.carc.ox.ac.uk/Vases/SPIFF/Images200/F08/CVA.F08.361.4/cc001001.jpe,http://www.beazley.ox.ac.uk/record/F7C5EEA4-40AB-4CC9-9301-60AF1F65CDBB
563D45ED-0A52-41A9-A062-DA8F5B512915,random,https://www.carc.ox.ac.uk/Vases/SPIFF/Images200/GER37/CVA.GER37.1785.1/cc001001.jpe,http://www.beazley.ox.ac.uk/record/66F18DC8-6428-4EE5-8467-018454949AB3
828AEB73-708B-4440-A93B-42D94C73731B,random,https://www.carc.ox.ac.uk/Vases/SPIFF/Images200/20112014/4857.1/cc001001.jpe,http://www.beazley.ox.ac.uk/record/619DAE43-F104-4B3D-AB95-4A4F11A767B5
7A44834D-9787-4DB0-88BB-4E47D55BC6C4,random,https://www.carc.ox.ac.uk/Vases/SPIFF/Images200/010516/301621.BD/cc001001.jpe,http://www.beazley.ox.ac.uk/record/49BFB90A-6176-48BF-9C99-7EE2A642561F
B39B6683-CA26-46BD-AEBF-46A2DBDF4038,random,https://www.carc.ox.ac.uk/Vases/SPIFF/Images200/IT65/CVA.IT65.2952.5/cc001001.jpe,http://www.beazley.ox.ac.uk/record/EF906D89-D643-4CE0-BB50-C52493D0A991
997F856A-84C1-4CF1-86DC-7863A3FFCE2B,random,https://www.carc.ox.ac.uk/Vases/SPIFF/Images200/010913/302180.A/cc001001.jpe,http://www.beazley.ox.ac.uk/record/59CA5998-09D5-4F9C-ADA0-3FFF1C946D30
022FE912-3F17-464C-80E5-1D87D3555327,random,https://www.carc.ox.ac.uk/Vases/SPIFF/Images200/Unatt46to60/31481.FR/cc001001.jpe,http://www.beazley.ox.ac.uk/record/270C072F-82B6-4E86-87C3-FF7993B3B79B
1A200169-1621-4B86-A523-B5DF9966FD78,random,https://www.carc.ox.ac.uk/Vases/SPIFF//Images200/020121/330129.BD/cc001001.jpe,http://www.beazley.ox.ac.uk/record/B60CC664-263D-4F0E-B5B7-E5FE6FDE0EC5
994B3051-EAE5-4FDB-9BB3-9B8E951B7608,random,https://www.carc.ox.ac.uk/Vases/SPIFF/Images200/NL04/CVA.NL04.195.12/cc001001.jpe,http://www.beazley.ox.ac.uk/record/BD123F1C-1F07-44AD-B37A-FA56304B9653
5F42F088-D394-4394-B8D8-88DB3C8AC033,random,https://www.carc.ox.ac.uk/Vases/SPIFF/Images200/RUM02/CVA.RUM02.065.3/cc001001.jpe,http://www.beazley.ox.ac.uk/record/7C6D5991-347B-4E5D-84D2-5ED192D4AA35
29EA5E3D-FC93-41AA-942A-6B39B6529786,random,https://www.carc.ox.ac.uk/Vases/SPIFF/Images200/Unatt31to45/31546.FR/cc001001.jpe,http://www.beazley.ox.ac.uk/record/8D197FE9-23AE-4A48-85A4-3D83147F8868
E0341861-8097-4E3A-952E-0050E96AB4D5,random,https://www.carc.ox.ac.uk/Vases/SPIFF/Images200/Abv100/331681.A/cc001001.jpe,http://www.beazley.ox.ac.uk/record/1AE0A48C-3785-4E4A-B0EF-C336141E5463
B14AE7B2-C172-460C-8272-2320D71829F1,random,https://www.carc.ox.ac.uk/Vases/SPIFF/Images100/001204/300517.A1/cc001001.jpe,http://www.beazley.ox.ac.uk/record/E1066144-69DE-4685-83F1-7C056DFD0BC5
7016D53F-57A1-4FB4-BAD0-B37C5E0AFF25,random,https://www.carc.ox.ac.uk/Vases/SPIFF/Images200/010502/302292.A/cc001001.jpe,http://www.beazley.ox.ac.uk/record/5A50CAF2-81F5-4691-B0FD-68E07A9F7E6E
CCE0570A-657F-4111-90F0-2EEF621D78E2,random,https://www.carc.ox.ac.uk/Vases/SPIFF/Images200/010813/351175.BD2/cc001001.jpe,http://www.beazley.ox.ac.uk/record/56F40042-F2DD-4F97-A659-CBCCCCBEA0C4
C3030551-635C-4924-8218-8D3887E96A90,random,https://www.carc.ox.ac.uk/Vases/SPIFF/Images200/24112014/29210/cc001001.jpe,http://www.beazley.ox.ac.uk/record/9C8BBD6C-F972-4FCD-8791-D10C0CF358C5
79632E2A-7108-4A15-97EA-93B8BA4B9B60,random,https://www.carc.ox.ac.uk/Vases/SPIFF/Images200/IT50/CVA.IT50.2225.9/cc001001.jpe,http://www.beazley.ox.ac.uk/record/DBE218A3-18D3-412B-BA6B-018B1522BB73
CB96E976-B91C-4A50-B6BF-BB188D978F07,random,https://www.carc.ox.ac.uk/Vases/SPIFF/Images200/Unatt2to15/41305.I/cc001001.jpe,http://www.beazley.ox.ac.uk/record/5CBF0FFA-824C-4B3D-84AB-CD84AD0A029D
49116FE0-89D1-4609-A543-6B45AC201683,random,https://www.carc.ox.ac.uk/Vases/SPIFF/Images100/010115/310486.BD3/cc001001.jpe,http://www.beazley.ox.ac.uk/record/EE461EED-2662-416A-A27D-726210655FAA
E597F427-A527-4931-84B1-3BB4DA3243C4,random,https://www.carc.ox.ac.uk/Vases/SPIFF/Images100/001204/6120/cc001001.jpe,http://www.beazley.ox.ac.uk/record/289D8288-6617-4106-87E7-FCF58D207D0D
0FB22792-59DF-40F8-BC98-CF862A37B813,random,https://www.carc.ox.ac.uk/Vases/SPIFF/Images200/IT07/CVA.IT07.328.2/cc001001.jpe,http://www.beazley.ox.ac.uk/record/DAB95C27-2292-45BE-8299-9376E7E4D2EB
0011AF63-9F91-4C04-BFC4-6DDB547E7E5C,random,https://www.carc.ox.ac.uk/Vases/SPIFF/Images200/Unatt2to15/14683.FR/cc001001.jpe,http://www.beazley.ox.ac.uk/record/E259F855-87EC-4FE2-A662-185A1B4F311A
48D1412E-7DD9-40BD-AD6B-4A2E0C1595BA,random,https://www.carc.ox.ac.uk/Vases/SPIFF/Images200/NOR01/CVA.NOR01.30.4/cc001001.jpe,http://www.beazley.ox.ac.uk/record/71634C74-9E8D-4860-8C4A-6C875D051C7D
D2D10171-43D7-472E-8DA6-26B55049E92C,random,https://www.carc.ox.ac.uk/Vases/SPIFF/Images200/F17/CVA.F17.743.7/cc001001.jpe,http://www.beazley.ox.ac.uk/record/3B3E388C-0FD4-4426-BEC1-35FB8E91BDBB
9A024171-D3BE-4BFD-B37E-C0FAFEEE01BE,random,https://www.carc.ox.ac.uk/Vases/SPIFF/Images200/010913/351209.BD1/cc001001.jpe,http://www.beazley.ox.ac.uk/record/6E114C5A-CE07-4CB8-BAB5-B43999B1CF18
2530FDB8-163D-4BDA-9604-7D8F74E64BC6,random,https://www.carc.ox.ac.uk/Vases/SPIFF/Images100/010115/350498.AB1/cc001001.jpe,http://www.beazley.ox.ac.uk/record/1EF34CEC-0FE6-4B01-BE38-39C33DB51F0F
41F6B7B5-0076-41A6-8B9F-9C0D7DE3169A,random,https://www.carc.ox.ac.uk/Vases/SPIFF/Images200/JP02/CVA.JP02.67.2/cc001001.jpe,http://www.beazley.ox.ac.uk/record/28A73614-9448-4420-968E-D32F97689102
0C47B480-CA0D-4F15-83E7-CB684F8E6535,random,https://www.carc.ox.ac.uk/Vases/SPIFF/Images200/GR12/CVA.GR12.857.4/cc001001.jpe,http://www.beazley.ox.ac.uk/record/1B9F287D-8332-43BE-BFC7-DB67A62A2735
C57CEC8E-75D4-490C-A6E0-FA7EC6F7A596,random,https://www.carc.ox.ac.uk/Vases/SPIFF/Images100/001124/310024.A/cc001001.jpe,http://www.beazley.ox.ac.uk/record/F0914ADF-6296-4854-A848-9265EA818D81
1CBECF8C-742F-4B83-953E-853E6E3A44C2,random,https://www.carc.ox.ac.uk/Vases/SPIFF/Images200/GR10/CVA.GR10.640.1/cc001001.jpe,http://www.beazley.ox.ac.uk/record/A1516444-64C2-41B0-B1A5-F977E76387E3
A21A80ED-01C4-42FB-B529-F56CEB476A5B,random,https://www.carc.ox.ac.uk/Vases/SPIFF/Images200/GB02/CVA.80.5a/cc001001.jpe,http://www.beazley.ox.ac.uk/record/DEC98AD1-1CC2-49DE-9BC0-DB8B5D33C9AA
6B59776A-1B50-4F70-9C30-A35EA21A855E,random,https://www.carc.ox.ac.uk/Vases/SPIFF/Images100/001204/8153.A/cc001001.jpe,http://www.beazley.ox.ac.uk/record/094A9DC9-DEAE-44AD-94D9-221DC9573B40
DA8420FE-A3A0-4F58-8730-4947BD12FD94,random,https://www.carc.ox.ac.uk/Vases/SPIFF//Images200/GB11/CVA.500.29/cc001001.jpe,http://www.beazley.ox.ac.uk/record/830B1AA7-1FC2-4F7A-A44E-8B33D053B4D1
8AC98BC2-D79F-4984-9A5B-E34F71E0A001,random,https://www.carc.ox.ac.uk/Vases/SPIFF/Images200/010813/301853.A/cc001001.jpe,http://www.beazley.ox.ac.uk/record/4F716274-6108-4B70-8F9C-3E93F5E9291B
C59D9122-F10F-4A20-85F5-8254CA9D8A24,random,https://www.carc.ox.ac.uk/Vases/SPIFF/Images200/IT50/CVA.IT50.2221.8/cc001001.jpe,http://www.beazley.ox.ac.uk/record/17D422CD-32D9-497A-A96C-7B0B48F74852
EC85FA78-59ED-497E-A060-5BA488481299,random,https://www.carc.ox.ac.uk/Vases/SPIFF/Images200/20032015/41085.1/cc001001.jpe,http://www.beazley.ox.ac.uk/record/D23F35ED-B3FD-408D-8960-68B131647FDB
75D2CB7C-6A0C-4458-B7DC-BB84FBC1D778,random,https://www.carc.ox.ac.uk/Vases/SPIFF/Images200/GER35/CVA.GER35.FIG.7/cc001001.jpe,http://www.beazley.ox.ac.uk/record/B9259E54-2491-4987-88C3-AC3B2994C2F6
F804A1B4-8B3E-4BE4-9206-909F3AACABD3,random,https://www.carc.ox.ac.uk/Vases/SPIFF/Images200/Unatt2to15/8723.A/cc001001.jpe,http://www.beazley.ox.ac.uk/record/F2E254E0-D825-4994-B7D9-F5AA90B21726
F8AC9C39-EC8C-4389-8C95-914D0F8CBBA9,random,https://www.carc.ox.ac.uk/Vases/SPIFF/Images200/GER65/CVA.GER65.3245.5/cc001001.jpe,http://www.beazley.ox.ac.uk/record/305DEC3A-77DB-4174-AB03-2AEA42598ECE
19D0F055-D202-41BF-B8EF-40CE26748900,random,https://www.carc.ox.ac.uk/Vases/SPIFF/Images200/NOR01/CVA.NOR01.25.5/cc001001.jpe,http://www.beazley.ox.ac.uk/record/40AD715C-3F0B-4446-90C9-ECE382C1E036
3CBEB8DF-6654-4BA5-9A31-E83145CE17E4,random,https://www.carc.ox.ac.uk/Vases/SPIFF/Images200/Abv105/2755.BD1/cc001001.jpe,http://www.beazley.ox.ac.uk/record/578DC5BD-63E0-4E8C-B2BF-0803307385E6
29B38F89-F3B2-4538-9079-34BDFB7AF656,random,https://www.carc.ox.ac.uk/Vases/SPIFF/Images200/ABV175to209/361397/cc001001.jpe,http://www.beazley.ox.ac.uk/record/A7304E8F-8093-42DA-A328-F1C3013D2064
A5EFDD02-9524-4E92-8396-E5BAF651B22D,random,https://www.carc.ox.ac.uk/Vases/SPIFF/Images200/010707/301760.A/cc001001.jpe,http://www.beazley.ox.ac.uk/record/D8A3EE0E-49C0-4AEA-AA2E-61620B4A9AE6
58B5A480-BC7A-4106-83BB-5360C254EB75,random,https://www.carc.ox.ac.uk/Vases/SPIFF/Images200/Unatt16to30/5499.A/cc001001.jpe,http://www.beazley.ox.ac.uk/record/7BF19241-39BB-4735-A8F8-2526CFBD5691
FB545461-005B-481D-85B3-C641DC16B3E6,random,https://www.carc.ox.ac.uk/Vases/SPIFF/Images200/USA18/CVA.USA18.844.2/cc001001.jpe,http://www.beazley.ox.ac.uk/record/BCA2E55C-F12E-4A6C-AAD5-BBCA2A290399
3FF6DE54-FE29-45C4-BDF0-DA2F052BDA76,random,https://www.carc.ox.ac.uk/Vases/SPIFF/Images200/ABV175to209/352193.A/cc001001.jpe,http://www.beazley.ox.ac.uk/record/D2228934-DAAB-482A-93CA-251E18F859DC
0E3C0504-D4D2-4AAB-A978-260949F8367C,random,https://www.carc.ox.ac.uk/Vases/SPIFF/Images200/BF HYDRIAI MtoO/9050.BD1/cc001001.jpe,http://www.beazley.ox.ac.uk/record/7CFA7AB3-F660-4AAE-83A4-4DC6ED74A288
583ACEBE-26BF-4467-A9C1-D217C2CED022,random,https://www.carc.ox.ac.uk/Vases/SPIFF/Images200/31102014/7715.1/cc001001.jpe,http://www.beazley.ox.ac.uk/record/BD57F01E-A835-4A35-851A-148E13433177
CE27D9C0-F46F-4670-B766-73DDF7A4FD96,random,https://www.carc.ox.ac.uk/Vases/SPIFF/Images200/GER07/CVA.GER07.306.1/cc001001.jpe,http://www.beazley.ox.ac.uk/record/CA8CBE89-FED8-4DFF-B254-6E5B3A1F3F5E
FF88D322-7373-4320-B531-6AED42EE25D4,random,https://www.carc.ox.ac.uk/Vases/SPIFF/Images200/GER83/CVA.GER83.4333.1/cc001001.jpe,http://www.beazley.ox.ac.uk/record/FF88D322-7373-4320-B531-6AED42EE25D4
41043DDD-1FFD-4B93-A46C-9199C045F172,random,https://www.carc.ox.ac.uk/Vases/SPIFF/Images200/010516/320328.A/cc001001.jpe,http://www.beazley.ox.ac.uk/record/F890315F-B4F3-4713-8459-4F6FEF51CF7D
9BD876DF-A4E8-4BD4-B851-DCB0FAE2B080,random,https://www.carc.ox.ac.uk/Vases/SPIFF/Images200/BEL02/CVA.BEL02.061.8/cc001001.jpe,http://www.beazley.ox.ac.uk/record/DB0C73D7-4758-4A40-B3C7-907025DD61B3
6E6AC7E2-0214-47BA-BCE9-D6A98360B55B,random,https://www.carc.ox.ac.uk/Vases/SPIFF//Images200/020121/351405.BD2/cc001001.jpe,http://www.beazley.ox.ac.uk/record/EEBE2494-EED4-49B2-9816-65F4C0162FAC
37FCE078-15E6-4126-92EA-B6DD0A62BF31,random,https://www.carc.ox.ac.uk/Vases/SPIFF/Images200/USA08/CVA.USA08.348.1D/cc001001.jpe,http://www.beazley.ox.ac.uk/record/F3DC5B7E-1DAB-47F8-A331-0606FA2D1E7B
55E05CBB-2FAC-4440-9029-9F2BCB588C55,random,https://www.carc.ox.ac.uk/Vases/SPIFF/Images100/001204/350321.2/cc001001.jpe,http://www.beazley.ox.ac.uk/record/42FEB983-360C-4A1A-B715-528EE1D85C85
DD2FC4B1-15B8-44E4-B986-B6661BA29EDD,random,https://www.carc.ox.ac.uk/Vases/SPIFF/Images200/23032015/9032828.1/cc001001.jpe,http://www.beazley.ox.ac.uk/record/DD2FC4B1-15B8-44E4-B986-B6661BA29EDD
AE1A8A07-B52E-48E1-81A2-3A3E389BC5B3,random,https://www.carc.ox.ac.uk/Vases/SPIFF/Images200/011012/303339.BD/cc001001.jpe,http://www.beazley.ox.ac.uk/record/B3CE444E-260D-4501-BBF8-E5B36CC897C1
A415C669-6A7B-43C4-8100-41C0BACD7472,random,https://www.carc.ox.ac.uk/Vases/SPIFF/Images200/GR01/CVA.GR01.018.10/cc001001.jpe,http://www.beazley.ox.ac.uk/record/A85F0627-3DAA-4117-9C1F-66A89D05D2E7
C506625A-89F6-4658-A5D7-E33A1D2413B3,random,https://www.carc.ox.ac.uk/Vases/SPIFF/Images200/GDR02/CVA.GDR02.082.1/cc001001.jpe,http://www.beazley.ox.ac.uk/record/D59FE797-8C2F-446D-977E-A5B8A9863A14
F67F0BA6-9A9B-48AC-8FD6-DA8334AC6C62,random,https://www.carc.ox.ac.uk/Vases/SPIFF/Images200/IT25/CVA.IT25.1144.3/cc001001.jpe,http://www.beazley.ox.ac.uk/record/5EB4B52F-0F80-4E19-A8D4-307CA5BBC511
20515F94-806C-4EE4-B903-D9EDA8B08881,random,https://www.carc.ox.ac.uk/Vases/SPIFF/Images200/IT03/CVA.IT03.121.3/cc001001.jpe,http://www.beazley.ox.ac.uk/record/DCBEFF96-8DE0-4127-8DA9-638D8358F133
9F10921F-73C4-4C0D-B7A7-4A108D29A66D,random,https://www.carc.ox.ac.uk/Vases/SPIFF/Images200/010516/301607.FR2/cc001001.jpe,http://www.beazley.ox.ac.uk/record/0FBB086D-66A8-4729-AC32-68B6CB0FC614
E24B071B-9899-4869-AEC0-18F074D7F213,random,https://www.carc.ox.ac.uk/Vases/SPIFF/Images200/YALEDatabase5/331411.3/cc001001.jpe,http://www.beazley.ox.ac.uk/record/3CC4594A-43C6-4A5F-90A1-51A75396E451
AD8187D6-680F-46AE-B89C-935262620336,random,https://www.carc.ox.ac.uk/Vases/SPIFF/Images100/Giessen/350009/cc001001.jpe,http://www.beazley.ox.ac.uk/record/57AB3A76-398D-42E6-A9CC-CEF4B5AED4EE
DF4E5B19-201A-4A31-95A5-E991730DEA85,random,https://www.carc.ox.ac.uk/Vases/SPIFF/Images200/GER78/CVA.GER78.4006.3/cc001001.jpe,http://www.beazley.ox.ac.uk/record/8A786C7A-1DC7-4937-87C6-3A500865846D
88FE0308-E4E2-4416-9D39-2187F76CD1A1,random,https://www.carc.ox.ac.uk/Vases/SPIFF/Images200/ABV175to209/361129.BD/cc001001.jpe,http://www.beazley.ox.ac.uk/record/974AC705-757C-476E-AA9E-B39E7A7B40B6
9352A9D3-91AD-48B6-823D-FD0BE7753BCA,random,https://www.carc.ox.ac.uk/Vases/SPIFF/Images200/IT65/CVA.IT65.2917.3/cc001001.jpe,http://www.beazley.ox.ac.uk/record/6968F455-FBC1-4AB0-BC1F-D5BD52135FD1
92A55474-5612-40DD-9498-1273E6353150,random,https://www.carc.ox.ac.uk/Vases/SPIFF/Images200/F10/CVA.F10.473.2/cc001001.jpe,http://www.beazley.ox.ac.uk/record/736B3F09-4124-4049-A31B-0D889DC073A0
B8A96472-04EE-4BE9-B16D-2C07F9F63DA8,random,https://www.carc.ox.ac.uk/Vases/SPIFF/Images200/IT61/CVA.IT61.2752.4/cc001001.jpe,http://www.beazley.ox.ac.uk/record/91945313-E950-4BF5-9435-2A4FE4F4B5C5
64497E78-EBE5-4432-A5D7-68E3EBB50F14,random,https://www.carc.ox.ac.uk/Vases/SPIFF/Images200/ABV175to209/305802.FR/cc001001.jpe,http://www.beazley.ox.ac.uk/record/83A1AF29-E87F-4932-9181-1DF04EB0F2F9
47EA7768-5909-44B2-BE81-64718D91D121,random,https://www.carc.ox.ac.uk/Vases/SPIFF/Images200/010502/320024.BD/cc001001.jpe,http://www.beazley.ox.ac.uk/record/F2535818-4D29-488D-8FE1-833BF6B1B697
36F95DA2-90AF-4EE1-974D-E73B69984134,random,https://www.carc.ox.ac.uk/Vases/SPIFF/Images200/ABV175to209/361119.BD/cc001001.jpe,http://www.beazley.ox.ac.uk/record/8DBD77E4-A7AE-4183-8B3A-F4D66C97A5C0
CD84AA1F-5117-4303-A901-5E32C9A7D761,random,https://www.carc.ox.ac.uk/Vases/SPIFF/Images100/010227/302516.A2/cc001001.jpe,http://www.beazley.ox.ac.uk/record/5E91AEF5-4260-4C84-9779-17C4E100A17E
A328037D-0500-40DA-A5A3-2CDC2F219515,random,https://www.carc.ox.ac.uk/Vases/SPIFF/Images200/IT09/CVA.IT09.450.2/cc001001.jpe,http://www.beazley.ox.ac.uk/record/F2F05F40-9B08-4427-AA59-2B4B4D1B17D2
5661406A-D2AE-4352-829E-C088DEF144B5,random,https://www.carc.ox.ac.uk/Vases/SPIFF/Images200/GB14/CVA.644.12/cc001001.jpe,http://www.beazley.ox.ac.uk/record/A68EA217-2B1E-4DA6-BF06-52245EE9AF0B
77F44673-CFF8-4BBB-BB54-9D24853ED325,random,https://www.carc.ox.ac.uk/Vases/SPIFF/Images200/ABV175to209/331396.BD/cc001001.jpe,http://www.beazley.ox.ac.uk/record/6D1085B1-5C1F-49BC-8777-3509052C0BE1
472D78CB-50F6-4954-9F64-60751F8E94D3,random,https://www.carc.ox.ac.uk/Vases/SPIFF/Images200/GDR02/CVA.GDR02.073.2/cc001001.jpe,http://www.beazley.ox.ac.uk/record/A05AB0A4-9089-46F5-91DD-3D6A23C5E9B7
6B2A090A-996A-4946-AA1E-6AE980A18CBB,random,https://www.carc.ox.ac.uk/Vases/SPIFF/Images200/IT01/CVA.IT01.010.3/cc001001.jpe,http://www.beazley.ox.ac.uk/record/634BF7B5-B41F-4AFF-BDDF-E3EBAB6CFEF1
9996AC99-C8F2-4782-881D-5AA81AACF472,random,https://www.carc.ox.ac.uk/Vases/SPIFF/Images200/GER61/CVA.GER61.BEIL.9.1/cc001001.jpe,http://www.beazley.ox.ac.uk/record/B3DEE7FE-0F7F-4698-BE54-DA763BBEF7AA
A6CB228C-2E99-4CFD-91F4-96C47F6DF846,random,https://www.carc.ox.ac.uk/Vases/SPIFF/Images200/Unatt16to30/237.A/cc001001.jpe,http://www.beazley.ox.ac.uk/record/315E4627-D4BC-4E33-8F48-C8C5CA54B9A6
155ECB17-64A1-4F83-9F93-199FB90E4BB2,random,https://www.carc.ox.ac.uk/Vases/SPIFF/Images200/010707/351087.BD/cc001001.jpe,http://www.beazley.ox.ac.uk/record/7261A842-7DB9-4FA6-A3EB-9C73A607A4EB
6E369930-F000-4C9E-9917-0ED55D6B5C8A,random,https://www.carc.ox.ac.uk/Vases/SPIFF/Images200/IT71/CVA.IT71.3235.1/cc001001.jpe,http://www.beazley.ox.ac.uk/record/7AB34239-795D-4BD6-9C03-019808B95A99
16CB86C4-37C4-418E-A9D7-53A5B57F1319,random,https://www.carc.ox.ac.uk/Vases/SPIFF/Images200/010707/351063.A/cc001001.jpe,http://www.beazley.ox.ac.uk/record/0FC0D5F2-36A1-4B50-95EE-843CD0C9CA33
822D1CEA-4517-48E4-8C2C-4B7AC61B6123,random,https://www.carc.ox.ac.uk/Vases/SPIFF/Images100/001204/305112.FR/cc001001.jpe,http://www.beazley.ox.ac.uk/record/BC6451B2-8C72-4BB6-9933-A4FC3C7754BC
F7EB46BC-BAC1-4B95-9E65-FB419B2736A6,random,https://www.carc.ox.ac.uk/Vases/SPIFF//Images200/GB13/CVA.608.35/cc001001.jpe,http://www.beazley.ox.ac.uk/record/9F78D700-B5EF-4160-9310-2F1982B08F12
4D8357B0-61C4-43F5-88B3-4D0734D1A60B,random,https://www.carc.ox.ac.uk/Vases/SPIFF/Images200/010913/302344.BD/cc001001.jpe,http://www.beazley.ox.ac.uk/record/DB0EF2F1-FADE-4F24-84FE-F373EF9AE836
DD6C8099-10EC-4331-8D19-951D5EE453EF,random,https://www.carc.ox.ac.uk/Vases/SPIFF/Images200/IT45/CVA.IT45.2005.3/cc001001.jpe,http://www.beazley.ox.ac.uk/record/4B1BC133-E3AE-4F01-BC3E-E9EAF1558941
D9758F9B-8927-4145-95CF-6C543B58C24F,random,https://www.carc.ox.ac.uk/Vases/SPIFF//Images200/GB16/CVA.731.12/cc001001.jpe,http://www.beazley.ox.ac.uk/record/C6F7B0C2-1CB7-4080-8F4D-09ACEA1BCB51
E22028FB-3936-41F1-A1C8-338180165F23,random,https://www.carc.ox.ac.uk/Vases/SPIFF/Images200/010502/320030.S/cc001001.jpe,http://www.beazley.ox.ac.uk/record/154E27B2-15E4-44FC-A701-2E72784C39CA
A948A783-2F00-46A3-871D-5FF7948D90EA,random,https://www.carc.ox.ac.uk/Vases/SPIFF/Images200/CZE01/CVA.CZE01.032.8/cc001001.jpe,http://www.beazley.ox.ac.uk/record/5153407A-9958-4CCF-860C-C58371EA6D28
9B014EC1-5F3F-4DAB-8D12-F7331991F573,random,https://www.carc.ox.ac.uk/Vases/SPIFF/Images200/GER44/CVA.GER44.2142.4/cc001001.jpe,http://www.beazley.ox.ac.uk/record/1540CD82-FF12-45CE-A9FD-7E2B1465535D
C9FB896D-84B3-48AC-89F6-52A784B44BEE,random,https://www.carc.ox.ac.uk/Vases/SPIFF/Images200/POL02/CVA.POL02.079.9B/cc001001.jpe,http://www.beazley.ox.ac.uk/record/C207BA39-4B70-4540-BFD4-70A8D21C5DD6
5AF944E6-6071-4609-B9DD-0E0FF97DB30B,random,https://www.carc.ox.ac.uk/Vases/SPIFF/Images200/ABV1/330564.BD1/cc001001.jpe,http://www.beazley.ox.ac.uk/record/2D063018-868A-4CBE-B907-204FAABFBEA0
33B39E1A-C81F-4742-91BE-69638FAF5BF6,random,https://www.carc.ox.ac.uk/Vases/SPIFF/Images200/GR07/CVA.GR07.377.1/cc001001.jpe,http://www.beazley.ox.ac.uk/record/EEA55CD7-BD93-459E-AB7D-3F2A76B0EEE1
0662A9DA-BD81-4815-AFF5-128A86758F7A,random,https://www.carc.ox.ac.uk/Vases/SPIFF/Images200/IT48/CVA.IT48.2138.4/cc001001.jpe,http://www.beazley.ox.ac.uk/record/47C71BA0-4974-448B-A179-BD2F2A08A4CE
14708D7B-FC47-4282-B40D-F5658E1617AA,random,https://www.carc.ox.ac.uk/Vases/SPIFF/Images200/GER45/CVA.GER45.BEIL.C6/cc001001.jpe,http://www.beazley.ox.ac.uk/record/29B10E73-3AA8-4655-99D1-F686C48BF6AF
3637D0A0-70FF-4C2B-8D86-A6E2CE45330E,random,https://www.carc.ox.ac.uk/Vases/SPIFF/Images200/ABV1/303533.BD/cc001001.jpe,http://www.beazley.ox.ac.uk/record/D9173FB9-2641-4E8B-B37E-25E78FAA2574
004FCAD4-85C8-4F1C-A77C-92C00F8DCC73,random,https://www.carc.ox.ac.uk/Vases/SPIFF/Images200/GER42/CVA.GER42.2048.16/cc001001.jpe,http://www.beazley.ox.ac.uk/record/02A8208A-F5BC-43AA-905F-A433E354B6E2
0B5335CF-3393-4A3D-BE59-28A7751312C2,random,https://www.carc.ox.ac.uk/Vases/SPIFF//Images200/020121/7714.BD/cc001001.jpe,http://www.beazley.ox.ac.uk/record/B2ED2220-E188-4F7A-9EF8-F2579132A3FD
60CCFA2F-DEF5-4942-B34A-57FA609D9061,random,https://www.carc.ox.ac.uk/Vases/SPIFF/Images200/GR01/CVA.GR01.018.14/cc001001.jpe,http://www.beazley.ox.ac.uk/record/368C75D8-AE9D-44DD-84CD-096956F78E6C
128F68CC-C7A5-4EC6-94CC-90E78583204B,random,https://www.carc.ox.ac.uk/Vases/SPIFF/Images200/011012/303217.BD/cc001001.jpe,http://www.beazley.ox.ac.uk/record/03E26DEE-EDF6-46FD-A543-5FFA96817088
31F3645C-0ED7-4693-A66F-CD2EE265B476,random,https://www.carc.ox.ac.uk/Vases/SPIFF/Images200/ABV1/303505.BD1/cc001001.jpe,http://www.beazley.ox.ac.uk/record/A9F5B5AA-BD16-4634-A7F4-023DC8B9EE55
8E6A0A8E-4C76-4AA3-9E8E-EF65755B383A,random,https://www.carc.ox.ac.uk/Vases/SPIFF/Images200/GER37/CVA.GER37.1805.2/cc001001.jpe,http://www.beazley.ox.ac.uk/record/4E1F75F3-05DD-4335-8EE7-4927F5396E28
FC2E84BB-47B3-44B8-9EE8-F48D5A891696,random,https://www.carc.ox.ac.uk/Vases/SPIFF/Images200/IT61/CVA.IT61.2741.3/cc001001.jpe,http://www.beazley.ox.ac.uk/record/559BBACF-EB86-4AF9-9F74-916C9017143F
F7F3D35F-52E2-4D01-B6FA-6E1EFE78DDAE,random,https://www.carc.ox.ac.uk/Vases/SPIFF/Images100/010227/301126/cc001001.jpe,http://www.beazley.ox.ac.uk/record/0EC2EAD5-EBE3-410B-90ED-F22F16A76098
84BF72C1-ED45-4F34-9BFA-98363A3B6BC5,random,https://www.carc.ox.ac.uk/Vases/SPIFF/Images200/GER47/CVA.GER47.2267.3/cc001001.jpe,http://www.beazley.ox.ac.uk/record/B2D1A746-3AE3-484D-B86E-A7155D148FF8
3C546561-64C1-4359-810F-DB884329012E,random,https://www.carc.ox.ac.uk/Vases/SPIFF/Images200/010516/320350.A/cc001001.jpe,http://www.beazley.ox.ac.uk/record/BE7943AC-9CE9-4DF9-8EDE-F296287F3A16
384A8FE7-4839-41F4-AFE5-68A6DF90EB15,random,https://www.carc.ox.ac.uk/Vases/SPIFF/Images200/GB02/CVA.80.8b/cc001001.jpe,http://www.beazley.ox.ac.uk/record/02DA8B6C-0315-4C3D-B8BA-4696C283B6C8
E37E2FCA-D6D1-4909-A67E-A5A180653DC7,random,https://www.carc.ox.ac.uk/Vases/SPIFF/Images100/010227/302803.UH/cc001001.jpe,http://www.beazley.ox.ac.uk/record/EE757444-DFB6-4370-95F9-EC03A880EC73
7509B7E3-D648-4462-8247-411D355ABBC2,random,https://www.carc.ox.ac.uk/Vases/SPIFF/Images200/GR01/CVA.GR01.018.8/cc001001.jpe,http://www.beazley.ox.ac.uk/record/428B765B-E9FE-46F9-A8B5-A373B005C6B1
413E306A-15FE-45A2-AF10-63A2DE6D741B,random,https://www.carc.ox.ac.uk/Vases/SPIFF/Images200/010707/301769.A/cc001001.jpe,http://www.beazley.ox.ac.uk/record/8E8704F9-DDB0-4D03-9607-A6DF1D4637B4
9BFEA542-6D69-4A1A-8D14-F899ECE86E18,random,https://www.carc.ox.ac.uk/Vases/SPIFF/Images200/GER07/CVA.GER07.312.10/cc001001.jpe,http://www.beazley.ox.ac.uk/record/0C5D62C2-012B-4DF3-8F65-9D682399298B
683E374D-D109-48B3-96BC-4515B7FE3F36,random,https://www.carc.ox.ac.uk/Vases/SPIFF/Images200/GB04/CVA.158.1b/cc001001.jpe,http://www.beazley.ox.ac.uk/record/8A3E8FE0-D680-4F0D-A202-0EE9BE658FA3
BBBAA4B0-899E-4D33-BF42-EB1B805A97E7,random,https://www.carc.ox.ac.uk/Vases/SPIFF/Images200/GER25/CVA.GER25.1211.2/cc001001.jpe,http://www.beazley.ox.ac.uk/record/64427910-C3D1-4A7A-8CB2-813481B032D3
C0D4C27B-F66A-42DA-99DB-588C2592E8CF,random,https://www.carc.ox.ac.uk/Vases/SPIFF/Images200/24112014/9031370.1/cc001001.jpe,http://www.beazley.ox.ac.uk/record/C0D4C27B-F66A-42DA-99DB-588C2592E8CF
395A233C-06EA-41FF-9D17-1E15519D53C7,random,https://www.carc.ox.ac.uk/Vases/SPIFF/Images200/ABV175to209/361102.BD/cc001001.jpe,http://www.beazley.ox.ac.uk/record/EC896BD2-75A4-4DFE-9BBB-280FC700C4AA
5D90A279-D9F8-4B0F-AF02-E6DF296258C9,random,https://www.carc.ox.ac.uk/Vases/SPIFF/Images200/GB05/CVA.202.1a/cc001001.jpe,http://www.beazley.ox.ac.uk/record/4A7D00BB-3978-4F4A-A681-37FCDFBDB75F
0BC5F7F5-852B-4AB1-8CB8-5CD09C495395,random,https://www.carc.ox.ac.uk/Vases/SPIFF/Images200/GER90/CVA.GER90.4818.2/cc001001.jpe,http://www.beazley.ox.ac.uk/record/0BC5F7F5-852B-4AB1-8CB8-5CD09C495395
0073D9F3-04B4-4332-B2C8-2E2C25687299,random,https://www.carc.ox.ac.uk/Vases/SPIFF//Images200/020121/351362.FR5/cc001001.jpe,http://www.beazley.ox.ac.uk/record/917B5A4E-5B53-4CF2-8E6E-8474F77FCAB8
201A1D8B-1B04-493C-B4D9-66B07C4B3D17,random,https://www.carc.ox.ac.uk/Vases/SPIFF/Images200/GER65/CVA.GER65.3197.5/cc001001.jpe,http://www.beazley.ox.ac.uk/record/5EAD51AB-161F-41A3-AF04-611503FB7F11
D4E5EAB3-F2AD-458B-9740-5351F70292F9,random,https://www.carc.ox.ac.uk/Vases/SPIFF/Images200/GER65/CVA.GER65.3244.3/cc001001.jpe,http://www.beazley.ox.ac.uk/record/21CB777D-2413-4EAF-A7CA-F856C54A78E4
800AF387-2137-423E-845A-2322EFC4FE78,random,https://www.carc.ox.ac.uk/Vases/SPIFF/Images200/FR01/CVA.FR01.033.7/cc001001.jpe,http://www.beazley.ox.ac.uk/record/9A6475A6-E832-4DAC-A29F-D65E1609A047
24644BBA-FA48-4F7F-BEC3-A5B51BB25F21,random,https://www.carc.ox.ac.uk/Vases/SPIFF/Images200/GER31/CVA.GER31.1504.11/cc001001.jpe,http://www.beazley.ox.ac.uk/record/93A66CA6-5D08-4B77-A18F-1699EC6868B7
66310A96-5244-4F4A-91CF-69AB49502AA0,random,https://www.carc.ox.ac.uk/Vases/SPIFF/Images200/GB02/CVA.66.1c/cc001001.jpe,http://www.beazley.ox.ac.uk/record/C0FDABE0-A03A-4FA0-920C-C589F1AEA870
72FE10CB-A4C2-4D63-B7E6-193D1EF7061A,random,https://www.carc.ox.ac.uk/Vases/SPIFF/Images200/Abv100/331705.A/cc001001.jpe,http://www.beazley.ox.ac.uk/record/41A37FD8-4F6C-4A1E-BB24-CFA50A79B02F
09457A37-D2A1-4A6A-AB0C-D3C9173A51C4,random,https://www.carc.ox.ac.uk/Vases/SPIFF/Images200/BEL02/CVA.BEL02.061.14B/cc001001.jpe,http://www.beazley.ox.ac.uk/record/B89C0C84-4B96-4B97-A197-0A49F18B61AB
ACE981AE-D3D9-4385-83EC-52E168E7F316,random,https://www.carc.ox.ac.uk/Vases/SPIFF/Images200/NZ01/CVA.NZ01.23.14/cc001001.jpe,http://www.beazley.ox.ac.uk/record/BB480054-FC1C-4179-B187-FC84F3C083BC
B6F1A80B-0606-40E6-BB75-1D8B48BDE9B4,random,https://www.carc.ox.ac.uk/Vases/SPIFF/Images200/GER48/CVA.GER48.2347.1/cc001001.jpe,http://www.beazley.ox.ac.uk/record/725DCAE9-623D-44A2-A039-BD5AF00DCF91
2F4FD164-9D5C-4FDC-9B25-2F00D9D6813C,random,https://www.carc.ox.ac.uk/Vases/SPIFF/Images200/F04/CVA.F04.158.3/cc001001.jpe,http://www.beazley.ox.ac.uk/record/D2F3986D-FFEA-4ED2-9887-B5DCA2F77013
1FC40ED2-6447-4668-99BF-A4853B6AEE25,random,https://www.carc.ox.ac.uk/Vases/SPIFF/Images200/F10/CVA.F10.469.11/cc001001.jpe,http://www.beazley.ox.ac.uk/record/EF4BEB49-4B4A-4E28-AD26-921CF804A1A8
6F09E7D9-8080-41E6-A664-426FBD754B36,random,https://www.carc.ox.ac.uk/Vases/SPIFF/Images200/IT67/CVA.IT67.FIG.27/cc001001.jpe,http://www.beazley.ox.ac.uk/record/94407137-1EA0-4F35-AC75-3EB873F24C09
E03691C8-9610-446E-BE99-4BA8A9E8CAB6,random,https://www.carc.ox.ac.uk/Vases/SPIFF/Images200/010813/302021.S/cc001001.jpe,http://www.beazley.ox.ac.uk/record/CDD035C4-26AF-4A6F-BF3C-3074BB2FE31B
A37B7D14-2C8B-4E29-9D4C-5D1CEC1E2698,random,https://www.carc.ox.ac.uk/Vases/SPIFF/Images200/IT50/CVA.IT50.2215.5/cc001001.jpe,http://www.beazley.ox.ac.uk/record/86ADCDBD-3E58-4CF7-8721-6029EB1BF181
86DA1C2B-E5A3-4A98-AB67-666790034B2A,random,https://www.carc.ox.ac.uk/Vases/SPIFF/Images200/02022015/42179.1/cc001001.jpe,http://www.beazley.ox.ac.uk/record/F2EC6284-C2A9-4EA0-93C8-6F3393AFA1C8
87724D5E-F505-40FB-BD8C-6C2222C1C12F,random,https://www.carc.ox.ac.uk/Vases/SPIFF/Images200/Unatt31to45/25420.A/cc001001.jpe,http://www.beazley.ox.ac.uk/record/9AA0AA87-AF61-45CA-A8A2-0425298A32A7
96E9DD10-0891-4DDE-A245-ACF0887806AC,random,https://www.carc.ox.ac.uk/Vases/SPIFF/Images100/001109/468.IPH.A/cc001001.jpe,http://www.beazley.ox.ac.uk/record/7DF3D8AA-1555-4E25-A597-AF2135151F87
7821A82B-CEEA-4BA0-AF63-4747D4338968,random,https://www.carc.ox.ac.uk/Vases/SPIFF/Images200/010913/302881.B/cc001001.jpe,http://www.beazley.ox.ac.uk/record/CB7A9AC0-B665-4076-985C-E0474CAA6404
E6766685-DB5F-4F3D-BDE1-9C58B7722CD5,random,https://www.carc.ox.ac.uk/Vases/SPIFF/Images200/NZ01/CVA.NZ01.24.2/cc001001.jpe,http://www.beazley.ox.ac.uk/record/D4630105-EB1B-492B-BC7F-FF0081B9A8C1
6E9CAB68-98EC-4B7D-9B8D-FA3BED0AB45B,random,https://www.carc.ox.ac.uk/Vases/SPIFF/Images200/010913/302337.BD/cc001001.jpe,http://www.beazley.ox.ac.uk/record/E947576D-CF49-4A17-905E-AFF06473E897
8DE4FDB2-34EC-4B42-A1A9-BA5C24D8173C,random,https://www.carc.ox.ac.uk/Vases/SPIFF/84E1D2035B424525B58134D256DC1BDC/cc001001.jpe,http://www.beazley.ox.ac.uk/record/8DE4FDB2-34EC-4B42-A1A9-BA5C24D8173C
FF1074DB-EAFA-4C73-A499-0CE4D9CB7BEE,random,https://www.carc.ox.ac.uk/Vases/SPIFF/Images200/ABV210toX1/331754.FRR(A&C)/cc001001.jpe,http://www.beazley.ox.ac.uk/record/B634B1AB-8B44-4073-9AC8-DCFD1D2C3EB1
F43D7377-08BA-4A1A-A1F2-9017B28DA80F,random,https://www.carc.ox.ac.uk/Vases/SPIFF/Images100/001211/350413.1/cc001001.jpe,http://www.beazley.ox.ac.uk/record/AE7A2E62-D4ED-4564-9099-2027F18197F5
6FB5D525-5B72-42DE-9AA8-9E340713723E,random,https://www.carc.ox.ac.uk/Vases/SPIFF/55352DA06CD941CD8974B71F571DF712/cc001001.jpe,http://www.beazley.ox.ac.uk/record/53A6C806-B630-44EF-97F3-4119DA526054
95F3E9BB-EBF8-4A4E-92C1-7A9222374CA3,random,https://www.carc.ox.ac.uk/Vases/SPIFF/Images200/ABV175to209/361095.BD/cc001001.jpe,http://www.beazley.ox.ac.uk/record/3E0A4388-5274-46E3-9572-C413A89DD5DC
2903B135-F195-4890-8AC0-764E0819862F,random,https://www.carc.ox.ac.uk/Vases/SPIFF/Images100/001211/300915.A/cc001001.jpe,http://www.beazley.ox.ac.uk/record/F9DF4405-0894-4125-BC59-A484F03709BC
ABBE9D3C-9962-4993-95BD-3F203AD6E69B,random,https://www.carc.ox.ac.uk/Vases/SPIFF/Images200/IT48/CVA.IT48.2147.8/cc001001.jpe,http://www.beazley.ox.ac.uk/record/77058681-6775-4BE6-9867-954C315F27BF
B15CFB72-AF5C-4874-B9D9-617CB82AF8F5,random,https://www.carc.ox.ac.uk/Vases/SPIFF/Images200/GER49/CVA.GER49.2411.2/cc001001.jpe,http://www.beazley.ox.ac.uk/record/2CA53EED-0609-4740-BF4F-00FA61134D8D
E3DE14DD-9882-49B2-B2DC-93B7AB9BDA37,random,https://www.carc.ox.ac.uk/Vases/SPIFF/Images200/IT09/CVA.IT09.443.2/cc001001.jpe,http://www.beazley.ox.ac.uk/record/18736A20-5B3E-4F9A-A7BF-612C2336FF23
5E0E2DCA-7066-445D-9A78-3744C9D7C35F,random,https://www.carc.ox.ac.uk/Vases/SPIFF/Images200/GER66/CVA.GER66.3291.7/cc001001.jpe,http://www.beazley.ox.ac.uk/record/9CC4C449-4287-4D5E-8A7B-A7E41095C2B8
1DC3B53B-D6A4-4BDC-B7AF-0D1ADB1D56E3,random,https://www.carc.ox.ac.uk/Vases/SPIFF/Images200/010913/351222.A/cc001001.jpe,http://www.beazley.ox.ac.uk/record/043CDC63-F459-4DDD-902E-F730A9DB0338
4B899BF7-090D-4F06-80CE-2E72EB3CF3B9,random,https://www.carc.ox.ac.uk/Vases/SPIFF/Images200/GB09/CVA.GB09.403.7/cc001001.jpe,http://www.beazley.ox.ac.uk/record/68A23F51-609D-49DC-A01A-B358730D87A9
1D2DB95A-D74E-4668-A463-D6CF2795B6E8,random,https://www.carc.ox.ac.uk/Vases/SPIFF/Images200/Unatt2to15/7159.A/cc001001.jpe,http://www.beazley.ox.ac.uk/record/77BFD0B2-F8E9-4EB5-ACD9-925C6F9E5492
468D76AF-793A-40AB-B81E-A44689FADB5B,random,https://www.carc.ox.ac.uk/Vases/SPIFF/Images100/010227/302781.AB/cc001001.jpe,http://www.beazley.ox.ac.uk/record/EF44B19E-FCB0-452B-9E8C-E4808CEAC77E
542C946B-5B9C-4445-96BB-8FAEEFB96DD3,random,https://www.carc.ox.ac.uk/Vases/SPIFF/Images200/IT50/CVA.IT50.2223.6/cc001001.jpe,http://www.beazley.ox.ac.uk/record/34BCD95A-0E09-437A-A040-5C1C27F0DD60
066F6024-289E-4356-AE3E-FB3C7569D4A7,random,https://www.carc.ox.ac.uk/Vases/SPIFF/Images200/GB18/CVA.876.8/cc001001.jpe,http://www.beazley.ox.ac.uk/record/BC2AD68B-7E17-4CF8-A196-1F4AB31D05A2
062B7DC3-338B-4C35-8F17-F89AB29D2352,random,https://www.carc.ox.ac.uk/Vases/SPIFF/Images200/010707/351077.S/cc001001.jpe,http://www.beazley.ox.ac.uk/record/6F5E98E5-3038-4F80-B268-7082E1B3A7FB
0B575485-6205-4671-B8A0-75518B497CFA,random,https://www.carc.ox.ac.uk/Vases/SPIFF/Images200/F20/CVA.F20.887.10/cc001001.jpe,http://www.beazley.ox.ac.uk/record/670F7A3A-3751-4424-A903-590B6D853B8C
065F0317-DE00-4B32-9744-E3D8872EE2D1,random,https://www.carc.ox.ac.uk/Vases/SPIFF/Images200/USA16/CVA.USA16.775.9/cc001001.jpe,http://www.beazley.ox.ac.uk/record/B9BE658D-92CF-477E-9A14-E0688A3B8108
B3D0FE44-2A5C-4834-AD85-78D56DE1F120,random,https://www.carc.ox.ac.uk/Vases/SPIFF/Images200/Abv105/352147.BD1/cc001001.jpe,http://www.beazley.ox.ac.uk/record/3064EAB2-4B22-4B8F-8FD2-3E9176064CF3
3258143C-9DD6-4449-BCA0-EA74DBE0C037,random,https://www.carc.ox.ac.uk/Vases/SPIFF/Images200/010707/303413.B/cc001001.jpe,http://www.beazley.ox.ac.uk/record/909E9D1F-EC76-4C09-ABFE-37453EECF534
